Workbook

Sheet Capa
A1: LOGO CLIENTE | D1: NÚMERO INFRAS:
D2: IFS-2226-020-G-LD-00001
D3: NÚMERO CLIENTE
D4: --
A5: PROJETO CONCEITUAL/BÁSICO/EXECUTIVO EXEMPLO (NOME DO PORTO) EXEMPLO (PROJETO DE DRAGAGEM) LISTA DE DOCUMENTOS | L5: REV:
L6: 1
L7: FOLHA:
A10: CONTROLE DE REVISÕES
A11: TIPO DE EMISSÃO (T.E.) | C11: (A) PRELIMINAR | F11: (D) PARA COTAÇÃO | J11: (G) CONFORME CONSTRUÍDO
C12: (B) PARA COMENTÁRIOS | F12: (E) PARA CONSTRUÇÃO | J12: (H) CANCELADO
C13: (C) PARA CONHECIMENTO | F13: (F) CONFORME COMPRADO | J13: (I) APROVADO
A15: REV. | B15: T.E. | C15: DESCRIÇÃO
A16: 0 | B16: C | C16: IFS-GRD-2226-001
A17: 1 | B17: C | C17: IFS-GRD-9999-002
C31: REV. 0 | E31: REV. 1 | G31: REV. 2 | H31: REV. 3 | K31: REV. 4
A32: DATA | C32: 13/03/26 | E32: 10/06/26
A33: EXECUÇÃO | C33: PAM | E33: ABC
A34: VERIFICAÇÃO | C34: XXX | E34: DEF
A35: APROVAÇÃO | C35: XXX | E35: GHI
C36: REV. 5 | E36: REV. 6 | G36: REV. 7 | H36: REV. 8 | K36: REV. 9
A37: DATA
A38: EXECUÇÃO
A39: VERIFICAÇÃO
A40: APROVAÇÃO
A42: AS INFORMAÇÕES DESTE DOCUMENTO SÃO DE PROPRIEDADE DA INFRAS ENGENHARIA, SENDO PROIBIDA SUA UTILIZAÇÃO FORA DA SUA FINALIDADE SEM UMA PRÉVIA AUTORIZAÇÃO.
A44: WWW.INFRAS.COM.BR - CONTATO@IINFRAS.COM.BR RUA HERMANN BLUMENAU, 110 – CENTRO – 88020-020 – FLORIANÓPOLIS-SC

Sheet LD
B1: LOGO CLIENTE | C1: NÚMERO INFRAS ENGENHARIA
C2: =+Capa!D2
C3: NÚMERO CLIENTE
C4: =+Capa!D4
B5: =+Capa!A5 | J5: REV.
J6: =+Capa!L6
J7: PÁGINA
J8: 1
B10: TIPO DE EMISSÃO: | C10: (A) PRELIMINAR (B) PARA COMENTÁRIOS (C) PARA CONHECIMENTO (D) PARA COTAÇÃO (E) PARA CONSTRUÇÃO (F) CONFORME COMPRADO (G) CONFORME CONSTRUIDO (H) CANCELADO (I) APROVADO | K10: 0 | O10: 1 | S10: 2 | W10: 3 | AA10: 4 | AE10: 5 | AI10: 6 | AM10: 7 | AQ10: 8 | AU10: 9 | AY10: 10 | BC10: 11
K11: EMISSÃO INICIAL | O11: REVISÃO 01 | S11: REVISÃO 02 | W11: REVISÃO 03 | AA11: REVISÃO 04 | AE11: REVISÃO 05 | AI11: REVISÃO 06 | AM11: REVISÃO 07 | AQ11: REVISÃO 08 | AU11: REVISÃO 09 | AY11: REVISÃO 10 | BC11: REVISÃO 11 | BZ11: GRD | CA11: 001 | CB11: 002 | CC11: 003 | CD11: 004 | CE11: 005 | CF11: 006 | CG11: 007 | CH11: 008 | CI11: 009 | CJ11: 010 | CK11: 011 | CL11: 012 | CM11: 013 | CN11: 014 | CO11: 015 | CP11: 016 | CQ11: 017 | CR11: 018 | CS11: 019 | CT11: 020 | CU11: 021 | CV11: 022 | CW11: 023 | CX11: 024 | CY11: 025 | CZ11: 026 | DA11: 027 | DB11: 028 | DC11: 029 | DD11: 030 | DE11: 031 | DF11: 032 | DG11: 033 | DH11: 034 | DI11: 035 | DJ11: 036 | DK11: 037 | DL11: 038 | DM11: 039 | DN11: 040 | DO11: 041 | DP11: 042 | DQ11: 043 | DR11: 044 | DS11: 045 | DT11: 046 | DU11: 047 | DV11: 048 | DW11: 049 | DX11: 050 | DY11: 051 | DZ11: 052 | EA11: 053 | EB11: 054 | EC11: 055 | ED11: 056 | EE11: 057 | EF11: 058 | EG11: 059 | EH11: 060 | EI11: 061 | EJ11: 062 | EK11: 063 | EL11: 064 | EM11: 065 | EN11: 066 | EO11: 067 | EP11: 068 | EQ11: 069 | ER11: 070 | ES11: 071 | ET11: 072 | EU11: 073 | EV11: 074 | EW11: 075 | EX11: 076 | EY11: 077 | EZ11: 078 | FA11: 079 | FB11: 080 | FC11: 081 | FD11: 082 | FE11: 083 | FF11: 084 | FG11: 085 | FH11: 086 | FI11: 087 | FJ11: 088 | FK11: 089 | FL11: 090 | FM11: 091 | FN11: 092 | FO11: 093 | FP11: 094 | FQ11: 095 | FR11: 096 | FS11: 097 | FT11: 098 | FU11: 099 | FV11: 100
B12: NÚMERO INFRAS | C12: TÍTULO | D12: REV. | E12: T. E. | F12: GRD | G12: DATA | H12: PÁGS/ FOLHAS | I12: FORMATO | J12: A1 EQUIV. | K12: REV. | L12: T. E. | M12: GRD | N12: DATA | O12: REV. | P12: T. E. | Q12: GRD | R12: DATA | S12: REV. | T12: T. E. | U12: GRD | V12: DATA | W12: REV. | X12: T. E. | Y12: GRD | Z12: DATA | AA12: REV. | AB12: T. E. | AC12: GRD | AD12: DATA | AE12: REV. | AF12: T. E. | AG12: GRD | AH12: DATA | AI12: REV. | AJ12: T. E. | AK12: GRD | AL12: DATA | AM12: REV. | AN12: T. E. | AO12: GRD | AP12: DATA | AQ12: REV. | AR12: T. E. | AS12: GRD | AT12: DATA | AU12: REV. | AV12: T. E. | AW12: GRD | AX12: DATA | AY12: REV. | AZ12: T. E. | BA12: GRD | BB12: DATA | BC12: REV. | BD12: T. E. | BE12: GRD | BF12: DATA
B13: GERAL
B14: IFS-3312-123-D-DC-00001 | D14: =IF(K14="","",MAX($CA14:$FV14)) | E14: {=IF($K14="","",OFFSET($A$1,ROW($B14)-1,11+$D14*4,))} | F14: {=IF($K14="","",OFFSET($A$1,ROW($B14)-1,12+$D14*4,))} | G14: {=IF($K14="","",OFFSET($A$1,ROW($B14)-1,13+$D14*4,))} | J14: =IF(I14="A4",H14/8,IF(I14="A3",H14/4,IF(I14="A2",H14/2,IF(I14="A1",H14/1,IF(I14="A0",H14*2,""))))) | K14: {=IFERROR(OFFSET($BZ$11,ROW($B14)-11,MATCH(K$10,$CA14:$FV14,0),),"")} | L14: =IF(K14="","",IF(VLOOKUP($B14,INDIRECT("'GRD-"&M14&"'!$B:$R"),16,FALSE)="","",VLOOKUP($B14,INDIRECT("'GRD-"&M14&"'!$B:$R"),16,FALSE))) | M14: {=IF(K14="","",IFERROR(OFFSET($BZ$11,0,MATCH($K14,$CA14:$FV14,0),),""))} | N14: {=IF(K14="","",INDIRECT("'GRD-"&M14&"'!$L$7"))} | O14: {=IFERROR(OFFSET($BZ$11,ROW($B14)-11,MATCH(O$10,$CA14:$FV14,0),),"")} | P14: =IF(O14="","",IF(VLOOKUP($B14,INDIRECT("'GRD-"&Q14&"'!$B:$R"),16,FALSE)="","",VLOOKUP($B14,INDIRECT("'GRD-"&Q14&"'!$B:$R"),16,FALSE))) | Q14: {=IF(O14="","",IFERROR(OFFSET($BZ$11,0,MATCH($O14,$CA14:$FV14,0),),""))} | R14: {=IF(O14="","",INDIRECT("'GRD-"&Q14&"'!$L$7"))} | S14: {=IFERROR(OFFSET($BZ$11,ROW($B14)-11,MATCH(S$10,$CA14:$FV14,0),),"")} | T14: =IF(S14="","",IF(VLOOKUP($B14,INDIRECT("'GRD-"&U14&"'!$B:$R"),16,FALSE)="","",VLOOKUP($B14,INDIRECT("'GRD-"&U14&"'!$B:$R"),16,FALSE))) | U14: {=IF(S14="","",IFERROR(OFFSET($BZ$11,0,MATCH($S14,$CA14:$FV14,0),),""))} | V14: {=IF(S14="","",INDIRECT("'GRD-"&U14&"'!$L$7"))} | W14: {=IFERROR(OFFSET($BZ$11,ROW($B14)-11,MATCH(W$10,$CA14:$FV14,0),),"")} | X14: =IF(W14="","",IF(VLOOKUP($B14,INDIRECT("'GRD-"&Y14&"'!$B:$R"),16,FALSE)="","",VLOOKUP($B14,INDIRECT("'GRD-"&Y14&"'!$B:$R"),16,FALSE))) | Y14: {=IF(W14="","",IFERROR(OFFSET($BZ$11,0,MATCH($W14,$CA14:$FV14,0),),""))} | Z14: {=IF(W14="","",INDIRECT("'GRD-"&Y14&"'!$L$7"))} | AA14: {=IFERROR(OFFSET($BZ$11,ROW($B14)-11,MATCH(AA$10,$CA14:$FV14,0),),"")} | AB14: =IF(AA14="","",IF(VLOOKUP($B14,INDIRECT("'GRD-"&AC14&"'!$B:$R"),16,FALSE)="","",VLOOKUP($B14,INDIRECT("'GRD-"&AC14&"'!$B:$R"),16,FALSE))) | AC14: {=IF(AA14="","",IFERROR(OFFSET($BZ$11,0,MATCH($AA14,$CA14:$FV14,0),),""))} | AD14: {=IF(AA14="","",INDIRECT("'GRD-"&AC14&"'!$L$7"))} | AE14: {=IFERROR(OFFSET($BZ$11,ROW($B14)-11,MATCH(AE$10,$CA14:$FV14,0),),"")} | AF14: =IF(AE14="","",IF(VLOOKUP($B14,INDIRECT("'GRD-"&AG14&"'!$B:$R"),16,FALSE)="","",VLOOKUP($B14,INDIRECT("'GRD-"&AG14&"'!$B:$R"),16,FALSE))) | AG14: {=IF(AE14="","",IFERROR(OFFSET($BZ$11,0,MATCH($AE14,$CA14:$FV14,0),),""))} | AH14: {=IF(AE14="","",INDIRECT("'GRD-"&AG14&"'!$L$7"))} | AI14: {=IFERROR(OFFSET($BZ$11,ROW($B14)-11,MATCH(AI$10,$CA14:$FV14,0),),"")} | AJ14: =IF(AI14="","",IF(VLOOKUP($B14,INDIRECT("'GRD-"&AK14&"'!$B:$R"),16,FALSE)="","",VLOOKUP($B14,INDIRECT("'GRD-"&AK14&"'!$B:$R"),16,FALSE))) | AK14: {=IF(AI14="","",IFERROR(OFFSET($BZ$11,0,MATCH($AI14,$CA14:$FV14,0),),""))} | AL14: {=IF(AI14="","",INDIRECT("'GRD-"&AK14&"'!$L$7"))} | AM14: {=IFERROR(OFFSET($BZ$11,ROW($B14)-11,MATCH(AM$10,$CA14:$FV14,0),),"")} | AN14: =IF(AM14="","",IF(VLOOKUP($B14,INDIRECT("'GRD-"&AO14&"'!$B:$R"),16,FALSE)="","",VLOOKUP($B14,INDIRECT("'GRD-"&AO14&"'!$B:$R"),16,FALSE))) | AO14: {=IF(AM14="","",IFERROR(OFFSET($BZ$11,0,MATCH($AM14,$CA14:$FV14,0),),""))} | AP14: {=IF(AM14="","",INDIRECT("'GRD-"&AO14&"'!$L$7"))} | AQ14: {=IFERROR(OFFSET($BZ$11,ROW($B14)-11,MATCH(AQ$10,$CA14:$FV14,0),),"")} | AR14: =IF(AQ14="","",IF(VLOOKUP($B14,INDIRECT("'GRD-"&AS14&"'!$B:$R"),16,FALSE)="","",VLOOKUP($B14,INDIRECT("'GRD-"&AS14&"'!$B:$R"),16,FALSE))) | AS14: {=IF(AQ14="","",IFERROR(OFFSET($BZ$11,0,MATCH($AQ14,$CA14:$FV14,0),),""))} | AT14: {=IF(AQ14="","",INDIRECT("'GRD-"&AS14&"'!$L$7"))} | AU14: {=IFERROR(OFFSET($BZ$11,ROW($B14)-11,MATCH(AU$10,$CA14:$FV14,0),),"")} | AV14: =IF(AU14="","",IF(VLOOKUP($B14,INDIRECT("'GRD-"&AW14&"'!$B:$R"),16,FALSE)="","",VLOOKUP($B14,INDIRECT("'GRD-"&AW14&"'!$B:$R"),16,FALSE))) | AW14: {=IF(AU14="","",IFERROR(OFFSET($BZ$11,0,MATCH($AU14,$CA14:$FV14,0),),""))} | AX14: {=IF(AU14="","",INDIRECT("'GRD-"&AW14&"'!$L$7"))} | AY14: {=IFERROR(OFFSET($BZ$11,ROW($B14)-11,MATCH(AY$10,$CA14:$FV14,0),),"")} | AZ14: =IF(AY14="","",IF(VLOOKUP($B14,INDIRECT("'GRD-"&BA14&"'!$B:$R"),16,FALSE)="","",VLOOKUP($B14,INDIRECT("'GRD-"&BA14&"'!$B:$R"),16,FALSE))) | BA14: {=IF(AY14="","",IFERROR(OFFSET($BZ$11,0,MATCH($AY14,$CA14:$FV14,0),),""))} | BB14: {=IF(AY14="","",INDIRECT("'GRD-"&BA14&"'!$L$7"))} | BC14: {=IFERROR(OFFSET($BZ$11,ROW($B14)-11,MATCH(BC$10,$CA14:$FV14,0),),"")} | BD14: =IF(BC14="","",IF(VLOOKUP($B14,INDIRECT("'GRD-"&BE14&"'!$B:$R"),16,FALSE)="","",VLOOKUP($B14,INDIRECT("'GRD-"&BE14&"'!$B:$R"),16,FALSE))) | BE14: {=IF(BC14="","",IFERROR(OFFSET($BZ$11,0,MATCH($BC14,$CA14:$FV14,0),),""))} | BF14: {=IF(BC14="","",INDIRECT("'GRD-"&BE14&"'!$L$7"))} | CA14: =IFERROR(VLOOKUP($B14,INDIRECT("'GRD-"&CA$11&"'!B:R"),15,FALSE),"") | CB14: =IFERROR(VLOOKUP($B14,INDIRECT("'GRD-"&CB$11&"'!B:R"),15,FALSE),"") | CC14: =IFERROR(VLOOKUP($B14,INDIRECT("'GRD-"&CC$11&"'!B:R"),15,FALSE),"") | CD14: =IFERROR(VLOOKUP($B14,INDIRECT("'GRD-"&CD$11&"'!B:R"),15,FALSE),"") | CE14: =IFERROR(VLOOKUP($B14,INDIRECT("'GRD-"&CE$11&"'!B:R"),15,FALSE),"") | CF14: =IFERROR(VLOOKUP($B14,INDIRECT("'GRD-"&CF$11&"'!B:R"),15,FALSE),"") | CG14: =IFERROR(VLOOKUP($B14,INDIRECT("'GRD-"&CG$11&"'!B:R"),15,FALSE),"") | CH14: =IFERROR(VLOOKUP($B14,INDIRECT("'GRD-"&CH$11&"'!B:R"),15,FALSE),"") | ... FV14: =IFERROR(VLOOKUP($B14,INDIRECT("'GRD-"&FV$11&"'!B:R"),15,FALSE),"")
B15: LISTE OS DOCUMENTOS AQUI... | D15: =IF(K15="","",MAX($CA15:$FV15)) | E15: {=IF($K15="","",OFFSET($A$1,ROW($B15)-1,11+$D15*4,))} | F15: {=IF($K15="","",OFFSET($A$1,ROW($B15)-1,12+$D15*4,))} | G15: {=IF($K15="","",OFFSET($A$1,ROW($B15)-1,13+$D15*4,))} | J15: =IF(I15="A4",H15/8,IF(I15="A3",H15/4,IF(I15="A2",H15/2,IF(I15="A1",H15/1,IF(I15="A0",H15*2,""))))) | K15: {=IFERROR(OFFSET($BZ$11,ROW($B15)-11,MATCH(K$10,$CA15:$FV15,0),),"")} | L15: =IF(K15="","",IF(VLOOKUP($B15,INDIRECT("'GRD-"&M15&"'!$B:$R"),16,FALSE)="","",VLOOKUP($B15,INDIRECT("'GRD-"&M15&"'!$B:$R"),16,FALSE))) | M15: {=IF(K15="","",IFERROR(OFFSET($BZ$11,0,MATCH($K15,$CA15:$FV15,0),),""))} | N15: {=IF(K15="","",INDIRECT("'GRD-"&M15&"'!$L$7"))} | O15: {=IFERROR(OFFSET($BZ$11,ROW($B15)-11,MATCH(O$10,$CA15:$FV15,0),),"")} | P15: =IF(O15="","",IF(VLOOKUP($B15,INDIRECT("'GRD-"&Q15&"'!$B:$R"),16,FALSE)="","",VLOOKUP($B15,INDIRECT("'GRD-"&Q15&"'!$B:$R"),16,FALSE))) | Q15: {=IF(O15="","",IFERROR(OFFSET($BZ$11,0,MATCH($O15,$CA15:$FV15,0),),""))} | R15: {=IF(O15="","",INDIRECT("'GRD-"&Q15&"'!$L$7"))} | S15: {=IFERROR(OFFSET($BZ$11,ROW($B15)-11,MATCH(S$10,$CA15:$FV15,0),),"")} | T15: =IF(S15="","",IF(VLOOKUP($B15,INDIRECT("'GRD-"&U15&"'!$B:$R"),16,FALSE)="","",VLOOKUP($B15,INDIRECT("'GRD-"&U15&"'!$B:$R"),16,FALSE))) | U15: {=IF(S15="","",IFERROR(OFFSET($BZ$11,0,MATCH($S15,$CA15:$FV15,0),),""))} | V15: {=IF(S15="","",INDIRECT("'GRD-"&U15&"'!$L$7"))} | W15: {=IFERROR(OFFSET($BZ$11,ROW($B15)-11,MATCH(W$10,$CA15:$FV15,0),),"")} | X15: =IF(W15="","",IF(VLOOKUP($B15,INDIRECT("'GRD-"&Y15&"'!$B:$R"),16,FALSE)="","",VLOOKUP($B15,INDIRECT("'GRD-"&Y15&"'!$B:$R"),16,FALSE))) | Y15: {=IF(W15="","",IFERROR(OFFSET($BZ$11,0,MATCH($W15,$CA15:$FV15,0),),""))} | Z15: {=IF(W15="","",INDIRECT("'GRD-"&Y15&"'!$L$7"))} | AA15: {=IFERROR(OFFSET($BZ$11,ROW($B15)-11,MATCH(AA$10,$CA15:$FV15,0),),"")} | AB15: =IF(AA15="","",IF(VLOOKUP($B15,INDIRECT("'GRD-"&AC15&"'!$B:$R"),16,FALSE)="","",VLOOKUP($B15,INDIRECT("'GRD-"&AC15&"'!$B:$R"),16,FALSE))) | AC15: {=IF(AA15="","",IFERROR(OFFSET($BZ$11,0,MATCH($AA15,$CA15:$FV15,0),),""))} | AD15: {=IF(AA15="","",INDIRECT("'GRD-"&AC15&"'!$L$7"))} | AE15: {=IFERROR(OFFSET($BZ$11,ROW($B15)-11,MATCH(AE$10,$CA15:$FV15,0),),"")} | AF15: =IF(AE15="","",IF(VLOOKUP($B15,INDIRECT("'GRD-"&AG15&"'!$B:$R"),16,FALSE)="","",VLOOKUP($B15,INDIRECT("'GRD-"&AG15&"'!$B:$R"),16,FALSE))) | AG15: {=IF(AE15="","",IFERROR(OFFSET($BZ$11,0,MATCH($AE15,$CA15:$FV15,0),),""))} | AH15: {=IF(AE15="","",INDIRECT("'GRD-"&AG15&"'!$L$7"))} | AI15: {=IFERROR(OFFSET($BZ$11,ROW($B15)-11,MATCH(AI$10,$CA15:$FV15,0),),"")} | AJ15: =IF(AI15="","",IF(VLOOKUP($B15,INDIRECT("'GRD-"&AK15&"'!$B:$R"),16,FALSE)="","",VLOOKUP($B15,INDIRECT("'GRD-"&AK15&"'!$B:$R"),16,FALSE))) | AK15: {=IF(AI15="","",IFERROR(OFFSET($BZ$11,0,MATCH($AI15,$CA15:$FV15,0),),""))} | AL15: {=IF(AI15="","",INDIRECT("'GRD-"&AK15&"'!$L$7"))} | AM15: {=IFERROR(OFFSET($BZ$11,ROW($B15)-11,MATCH(AM$10,$CA15:$FV15,0),),"")} | AN15: =IF(AM15="","",IF(VLOOKUP($B15,INDIRECT("'GRD-"&AO15&"'!$B:$R"),16,FALSE)="","",VLOOKUP($B15,INDIRECT("'GRD-"&AO15&"'!$B:$R"),16,FALSE))) | AO15: {=IF(AM15="","",IFERROR(OFFSET($BZ$11,0,MATCH($AM15,$CA15:$FV15,0),),""))} | AP15: {=IF(AM15="","",INDIRECT("'GRD-"&AO15&"'!$L$7"))} | AQ15: {=IFERROR(OFFSET($BZ$11,ROW($B15)-11,MATCH(AQ$10,$CA15:$FV15,0),),"")} | AR15: =IF(AQ15="","",IF(VLOOKUP($B15,INDIRECT("'GRD-"&AS15&"'!$B:$R"),16,FALSE)="","",VLOOKUP($B15,INDIRECT("'GRD-"&AS15&"'!$B:$R"),16,FALSE))) | AS15: {=IF(AQ15="","",IFERROR(OFFSET($BZ$11,0,MATCH($AQ15,$CA15:$FV15,0),),""))} | AT15: {=IF(AQ15="","",INDIRECT("'GRD-"&AS15&"'!$L$7"))} | AU15: {=IFERROR(OFFSET($BZ$11,ROW($B15)-11,MATCH(AU$10,$CA15:$FV15,0),),"")} | AV15: =IF(AU15="","",IF(VLOOKUP($B15,INDIRECT("'GRD-"&AW15&"'!$B:$R"),16,FALSE)="","",VLOOKUP($B15,INDIRECT("'GRD-"&AW15&"'!$B:$R"),16,FALSE))) | AW15: {=IF(AU15="","",IFERROR(OFFSET($BZ$11,0,MATCH($AU15,$CA15:$FV15,0),),""))} | AX15: {=IF(AU15="","",INDIRECT("'GRD-"&AW15&"'!$L$7"))} | AY15: {=IFERROR(OFFSET($BZ$11,ROW($B15)-11,MATCH(AY$10,$CA15:$FV15,0),),"")} | AZ15: =IF(AY15="","",IF(VLOOKUP($B15,INDIRECT("'GRD-"&BA15&"'!$B:$R"),16,FALSE)="","",VLOOKUP($B15,INDIRECT("'GRD-"&BA15&"'!$B:$R"),16,FALSE))) | BA15: {=IF(AY15="","",IFERROR(OFFSET($BZ$11,0,MATCH($AY15,$CA15:$FV15,0),),""))} | BB15: {=IF(AY15="","",INDIRECT("'GRD-"&BA15&"'!$L$7"))} | BC15: {=IFERROR(OFFSET($BZ$11,ROW($B15)-11,MATCH(BC$10,$CA15:$FV15,0),),"")} | BD15: =IF(BC15="","",IF(VLOOKUP($B15,INDIRECT("'GRD-"&BE15&"'!$B:$R"),16,FALSE)="","",VLOOKUP($B15,INDIRECT("'GRD-"&BE15&"'!$B:$R"),16,FALSE))) | BE15: {=IF(BC15="","",IFERROR(OFFSET($BZ$11,0,MATCH($BC15,$CA15:$FV15,0),),""))} | BF15: {=IF(BC15="","",INDIRECT("'GRD-"&BE15&"'!$L$7"))} | CA15: =IFERROR(VLOOKUP($B15,INDIRECT("'GRD-"&CA$11&"'!B:R"),15,FALSE),"") | CB15: =IFERROR(VLOOKUP($B15,INDIRECT("'GRD-"&CB$11&"'!B:R"),15,FALSE),"") | CC15: =IFERROR(VLOOKUP($B15,INDIRECT("'GRD-"&CC$11&"'!B:R"),15,FALSE),"") | CD15: =IFERROR(VLOOKUP($B15,INDIRECT("'GRD-"&CD$11&"'!B:R"),15,FALSE),"") | CE15: =IFERROR(VLOOKUP($B15,INDIRECT("'GRD-"&CE$11&"'!B:R"),15,FALSE),"") | CF15: =IFERROR(VLOOKUP($B15,INDIRECT("'GRD-"&CF$11&"'!B:R"),15,FALSE),"") | CG15: =IFERROR(VLOOKUP($B15,INDIRECT("'GRD-"&CG$11&"'!B:R"),15,FALSE),"") | CH15: =IFERROR(VLOOKUP($B15,INDIRECT("'GRD-"&CH$11&"'!B:R"),15,FALSE),"") | ... FV15: =IFERROR(VLOOKUP($B15,INDIRECT("'GRD-"&FV$11&"'!B:R"),15,FALSE),"")
B16: ... | D16: =IF(K16="","",MAX($CA16:$FV16)) | E16: {=IF($K16="","",OFFSET($A$1,ROW($B16)-1,11+$D16*4,))} | F16: {=IF($K16="","",OFFSET($A$1,ROW($B16)-1,12+$D16*4,))} | G16: {=IF($K16="","",OFFSET($A$1,ROW($B16)-1,13+$D16*4,))} | J16: =IF(I16="A4",H16/8,IF(I16="A3",H16/4,IF(I16="A2",H16/2,IF(I16="A1",H16/1,IF(I16="A0",H16*2,""))))) | K16: {=IFERROR(OFFSET($BZ$11,ROW($B16)-11,MATCH(K$10,$CA16:$FV16,0),),"")} | L16: =IF(K16="","",IF(VLOOKUP($B16,INDIRECT("'GRD-"&M16&"'!$B:$R"),16,FALSE)="","",VLOOKUP($B16,INDIRECT("'GRD-"&M16&"'!$B:$R"),16,FALSE))) | M16: {=IF(K16="","",IFERROR(OFFSET($BZ$11,0,MATCH($K16,$CA16:$FV16,0),),""))} | N16: {=IF(K16="","",INDIRECT("'GRD-"&M16&"'!$L$7"))} | O16: {=IFERROR(OFFSET($BZ$11,ROW($B16)-11,MATCH(O$10,$CA16:$FV16,0),),"")} | P16: =IF(O16="","",IF(VLOOKUP($B16,INDIRECT("'GRD-"&Q16&"'!$B:$R"),16,FALSE)="","",VLOOKUP($B16,INDIRECT("'GRD-"&Q16&"'!$B:$R"),16,FALSE))) | Q16: {=IF(O16="","",IFERROR(OFFSET($BZ$11,0,MATCH($O16,$CA16:$FV16,0),),""))} | R16: {=IF(O16="","",INDIRECT("'GRD-"&Q16&"'!$L$7"))} | S16: {=IFERROR(OFFSET($BZ$11,ROW($B16)-11,MATCH(S$10,$CA16:$FV16,0),),"")} | T16: =IF(S16="","",IF(VLOOKUP($B16,INDIRECT("'GRD-"&U16&"'!$B:$R"),16,FALSE)="","",VLOOKUP($B16,INDIRECT("'GRD-"&U16&"'!$B:$R"),16,FALSE))) | U16: {=IF(S16="","",IFERROR(OFFSET($BZ$11,0,MATCH($S16,$CA16:$FV16,0),),""))} | V16: {=IF(S16="","",INDIRECT("'GRD-"&U16&"'!$L$7"))} | W16: {=IFERROR(OFFSET($BZ$11,ROW($B16)-11,MATCH(W$10,$CA16:$FV16,0),),"")} | X16: =IF(W16="","",IF(VLOOKUP($B16,INDIRECT("'GRD-"&Y16&"'!$B:$R"),16,FALSE)="","",VLOOKUP($B16,INDIRECT("'GRD-"&Y16&"'!$B:$R"),16,FALSE))) | Y16: {=IF(W16="","",IFERROR(OFFSET($BZ$11,0,MATCH($W16,$CA16:$FV16,0),),""))} | Z16: {=IF(W16="","",INDIRECT("'GRD-"&Y16&"'!$L$7"))} | AA16: {=IFERROR(OFFSET($BZ$11,ROW($B16)-11,MATCH(AA$10,$CA16:$FV16,0),),"")} | AB16: =IF(AA16="","",IF(VLOOKUP($B16,INDIRECT("'GRD-"&AC16&"'!$B:$R"),16,FALSE)="","",VLOOKUP($B16,INDIRECT("'GRD-"&AC16&"'!$B:$R"),16,FALSE))) | AC16: {=IF(AA16="","",IFERROR(OFFSET($BZ$11,0,MATCH($AA16,$CA16:$FV16,0),),""))} | AD16: {=IF(AA16="","",INDIRECT("'GRD-"&AC16&"'!$L$7"))} | AE16: {=IFERROR(OFFSET($BZ$11,ROW($B16)-11,MATCH(AE$10,$CA16:$FV16,0),),"")} | AF16: =IF(AE16="","",IF(VLOOKUP($B16,INDIRECT("'GRD-"&AG16&"'!$B:$R"),16,FALSE)="","",VLOOKUP($B16,INDIRECT("'GRD-"&AG16&"'!$B:$R"),16,FALSE))) | AG16: {=IF(AE16="","",IFERROR(OFFSET($BZ$11,0,MATCH($AE16,$CA16:$FV16,0),),""))} | AH16: {=IF(AE16="","",INDIRECT("'GRD-"&AG16&"'!$L$7"))} | AI16: {=IFERROR(OFFSET($BZ$11,ROW($B16)-11,MATCH(AI$10,$CA16:$FV16,0),),"")} | AJ16: =IF(AI16="","",IF(VLOOKUP($B16,INDIRECT("'GRD-"&AK16&"'!$B:$R"),16,FALSE)="","",VLOOKUP($B16,INDIRECT("'GRD-"&AK16&"'!$B:$R"),16,FALSE))) | AK16: {=IF(AI16="","",IFERROR(OFFSET($BZ$11,0,MATCH($AI16,$CA16:$FV16,0),),""))} | AL16: {=IF(AI16="","",INDIRECT("'GRD-"&AK16&"'!$L$7"))} | AM16: {=IFERROR(OFFSET($BZ$11,ROW($B16)-11,MATCH(AM$10,$CA16:$FV16,0),),"")} | AN16: =IF(AM16="","",IF(VLOOKUP($B16,INDIRECT("'GRD-"&AO16&"'!$B:$R"),16,FALSE)="","",VLOOKUP($B16,INDIRECT("'GRD-"&AO16&"'!$B:$R"),16,FALSE))) | AO16: {=IF(AM16="","",IFERROR(OFFSET($BZ$11,0,MATCH($AM16,$CA16:$FV16,0),),""))} | AP16: {=IF(AM16="","",INDIRECT("'GRD-"&AO16&"'!$L$7"))} | AQ16: {=IFERROR(OFFSET($BZ$11,ROW($B16)-11,MATCH(AQ$10,$CA16:$FV16,0),),"")} | AR16: =IF(AQ16="","",IF(VLOOKUP($B16,INDIRECT("'GRD-"&AS16&"'!$B:$R"),16,FALSE)="","",VLOOKUP($B16,INDIRECT("'GRD-"&AS16&"'!$B:$R"),16,FALSE))) | AS16: {=IF(AQ16="","",IFERROR(OFFSET($BZ$11,0,MATCH($AQ16,$CA16:$FV16,0),),""))} | AT16: {=IF(AQ16="","",INDIRECT("'GRD-"&AS16&"'!$L$7"))} | AU16: {=IFERROR(OFFSET($BZ$11,ROW($B16)-11,MATCH(AU$10,$CA16:$FV16,0),),"")} | AV16: =IF(AU16="","",IF(VLOOKUP($B16,INDIRECT("'GRD-"&AW16&"'!$B:$R"),16,FALSE)="","",VLOOKUP($B16,INDIRECT("'GRD-"&AW16&"'!$B:$R"),16,FALSE))) | AW16: {=IF(AU16="","",IFERROR(OFFSET($BZ$11,0,MATCH($AU16,$CA16:$FV16,0),),""))} | AX16: {=IF(AU16="","",INDIRECT("'GRD-"&AW16&"'!$L$7"))} | AY16: {=IFERROR(OFFSET($BZ$11,ROW($B16)-11,MATCH(AY$10,$CA16:$FV16,0),),"")} | AZ16: =IF(AY16="","",IF(VLOOKUP($B16,INDIRECT("'GRD-"&BA16&"'!$B:$R"),16,FALSE)="","",VLOOKUP($B16,INDIRECT("'GRD-"&BA16&"'!$B:$R"),16,FALSE))) | BA16: {=IF(AY16="","",IFERROR(OFFSET($BZ$11,0,MATCH($AY16,$CA16:$FV16,0),),""))} | BB16: {=IF(AY16="","",INDIRECT("'GRD-"&BA16&"'!$L$7"))} | BC16: {=IFERROR(OFFSET($BZ$11,ROW($B16)-11,MATCH(BC$10,$CA16:$FV16,0),),"")} | BD16: =IF(BC16="","",IF(VLOOKUP($B16,INDIRECT("'GRD-"&BE16&"'!$B:$R"),16,FALSE)="","",VLOOKUP($B16,INDIRECT("'GRD-"&BE16&"'!$B:$R"),16,FALSE))) | BE16: {=IF(BC16="","",IFERROR(OFFSET($BZ$11,0,MATCH($BC16,$CA16:$FV16,0),),""))} | BF16: {=IF(BC16="","",INDIRECT("'GRD-"&BE16&"'!$L$7"))} | CA16: =IFERROR(VLOOKUP($B16,INDIRECT("'GRD-"&CA$11&"'!B:R"),15,FALSE),"") | CB16: =IFERROR(VLOOKUP($B16,INDIRECT("'GRD-"&CB$11&"'!B:R"),15,FALSE),"") | CC16: =IFERROR(VLOOKUP($B16,INDIRECT("'GRD-"&CC$11&"'!B:R"),15,FALSE),"") | CD16: =IFERROR(VLOOKUP($B16,INDIRECT("'GRD-"&CD$11&"'!B:R"),15,FALSE),"") | CE16: =IFERROR(VLOOKUP($B16,INDIRECT("'GRD-"&CE$11&"'!B:R"),15,FALSE),"") | CF16: =IFERROR(VLOOKUP($B16,INDIRECT("'GRD-"&CF$11&"'!B:R"),15,FALSE),"") | CG16: =IFERROR(VLOOKUP($B16,INDIRECT("'GRD-"&CG$11&"'!B:R"),15,FALSE),"") | CH16: =IFERROR(VLOOKUP($B16,INDIRECT("'GRD-"&CH$11&"'!B:R"),15,FALSE),"") | ... FV16: =IFERROR(VLOOKUP($B16,INDIRECT("'GRD-"&FV$11&"'!B:R"),15,FALSE),"")
B17: IFS-9999-001-X-DC-00001 | C17: Titulo Primeiro Doc | D17: =IF(K17="","",MAX($CA17:$FV17)) | E17: {=IF($K17="","",OFFSET($A$1,ROW($B17)-1,11+$D17*4,))} | F17: {=IF($K17="","",OFFSET($A$1,ROW($B17)-1,12+$D17*4,))} | G17: {=IF($K17="","",OFFSET($A$1,ROW($B17)-1,13+$D17*4,))} | J17: =IF(I17="A4",H17/8,IF(I17="A3",H17/4,IF(I17="A2",H17/2,IF(I17="A1",H17/1,IF(I17="A0",H17*2,""))))) | K17: {=IFERROR(OFFSET($BZ$11,ROW($B17)-11,MATCH(K$10,$CA17:$FV17,0),),"")} | L17: =IF(K17="","",IF(VLOOKUP($B17,INDIRECT("'GRD-"&M17&"'!$B:$R"),16,FALSE)="","",VLOOKUP($B17,INDIRECT("'GRD-"&M17&"'!$B:$R"),16,FALSE))) | M17: {=IF(K17="","",IFERROR(OFFSET($BZ$11,0,MATCH($K17,$CA17:$FV17,0),),""))} | N17: {=IF(K17="","",INDIRECT("'GRD-"&M17&"'!$L$7"))} | O17: {=IFERROR(OFFSET($BZ$11,ROW($B17)-11,MATCH(O$10,$CA17:$FV17,0),),"")} | P17: =IF(O17="","",IF(VLOOKUP($B17,INDIRECT("'GRD-"&Q17&"'!$B:$R"),16,FALSE)="","",VLOOKUP($B17,INDIRECT("'GRD-"&Q17&"'!$B:$R"),16,FALSE))) | Q17: {=IF(O17="","",IFERROR(OFFSET($BZ$11,0,MATCH($O17,$CA17:$FV17,0),),""))} | R17: {=IF(O17="","",INDIRECT("'GRD-"&Q17&"'!$L$7"))} | S17: {=IFERROR(OFFSET($BZ$11,ROW($B17)-11,MATCH(S$10,$CA17:$FV17,0),),"")} | T17: =IF(S17="","",IF(VLOOKUP($B17,INDIRECT("'GRD-"&U17&"'!$B:$R"),16,FALSE)="","",VLOOKUP($B17,INDIRECT("'GRD-"&U17&"'!$B:$R"),16,FALSE))) | U17: {=IF(S17="","",IFERROR(OFFSET($BZ$11,0,MATCH($S17,$CA17:$FV17,0),),""))} | V17: {=IF(S17="","",INDIRECT("'GRD-"&U17&"'!$L$7"))} | W17: {=IFERROR(OFFSET($BZ$11,ROW($B17)-11,MATCH(W$10,$CA17:$FV17,0),),"")} | X17: =IF(W17="","",IF(VLOOKUP($B17,INDIRECT("'GRD-"&Y17&"'!$B:$R"),16,FALSE)="","",VLOOKUP($B17,INDIRECT("'GRD-"&Y17&"'!$B:$R"),16,FALSE))) | Y17: {=IF(W17="","",IFERROR(OFFSET($BZ$11,0,MATCH($W17,$CA17:$FV17,0),),""))} | Z17: {=IF(W17="","",INDIRECT("'GRD-"&Y17&"'!$L$7"))} | AA17: {=IFERROR(OFFSET($BZ$11,ROW($B17)-11,MATCH(AA$10,$CA17:$FV17,0),),"")} | AB17: =IF(AA17="","",IF(VLOOKUP($B17,INDIRECT("'GRD-"&AC17&"'!$B:$R"),16,FALSE)="","",VLOOKUP($B17,INDIRECT("'GRD-"&AC17&"'!$B:$R"),16,FALSE))) | AC17: {=IF(AA17="","",IFERROR(OFFSET($BZ$11,0,MATCH($AA17,$CA17:$FV17,0),),""))} | AD17: {=IF(AA17="","",INDIRECT("'GRD-"&AC17&"'!$L$7"))} | AE17: {=IFERROR(OFFSET($BZ$11,ROW($B17)-11,MATCH(AE$10,$CA17:$FV17,0),),"")} | AF17: =IF(AE17="","",IF(VLOOKUP($B17,INDIRECT("'GRD-"&AG17&"'!$B:$R"),16,FALSE)="","",VLOOKUP($B17,INDIRECT("'GRD-"&AG17&"'!$B:$R"),16,FALSE))) | AG17: {=IF(AE17="","",IFERROR(OFFSET($BZ$11,0,MATCH($AE17,$CA17:$FV17,0),),""))} | AH17: {=IF(AE17="","",INDIRECT("'GRD-"&AG17&"'!$L$7"))} | AI17: {=IFERROR(OFFSET($BZ$11,ROW($B17)-11,MATCH(AI$10,$CA17:$FV17,0),),"")} | AJ17: =IF(AI17="","",IF(VLOOKUP($B17,INDIRECT("'GRD-"&AK17&"'!$B:$R"),16,FALSE)="","",VLOOKUP($B17,INDIRECT("'GRD-"&AK17&"'!$B:$R"),16,FALSE))) | AK17: {=IF(AI17="","",IFERROR(OFFSET($BZ$11,0,MATCH($AI17,$CA17:$FV17,0),),""))} | AL17: {=IF(AI17="","",INDIRECT("'GRD-"&AK17&"'!$L$7"))} | AM17: {=IFERROR(OFFSET($BZ$11,ROW($B17)-11,MATCH(AM$10,$CA17:$FV17,0),),"")} | AN17: =IF(AM17="","",IF(VLOOKUP($B17,INDIRECT("'GRD-"&AO17&"'!$B:$R"),16,FALSE)="","",VLOOKUP($B17,INDIRECT("'GRD-"&AO17&"'!$B:$R"),16,FALSE))) | AO17: {=IF(AM17="","",IFERROR(OFFSET($BZ$11,0,MATCH($AM17,$CA17:$FV17,0),),""))} | AP17: {=IF(AM17="","",INDIRECT("'GRD-"&AO17&"'!$L$7"))} | AQ17: {=IFERROR(OFFSET($BZ$11,ROW($B17)-11,MATCH(AQ$10,$CA17:$FV17,0),),"")} | AR17: =IF(AQ17="","",IF(VLOOKUP($B17,INDIRECT("'GRD-"&AS17&"'!$B:$R"),16,FALSE)="","",VLOOKUP($B17,INDIRECT("'GRD-"&AS17&"'!$B:$R"),16,FALSE))) | AS17: {=IF(AQ17="","",IFERROR(OFFSET($BZ$11,0,MATCH($AQ17,$CA17:$FV17,0),),""))} | AT17: {=IF(AQ17="","",INDIRECT("'GRD-"&AS17&"'!$L$7"))} | AU17: {=IFERROR(OFFSET($BZ$11,ROW($B17)-11,MATCH(AU$10,$CA17:$FV17,0),),"")} | AV17: =IF(AU17="","",IF(VLOOKUP($B17,INDIRECT("'GRD-"&AW17&"'!$B:$R"),16,FALSE)="","",VLOOKUP($B17,INDIRECT("'GRD-"&AW17&"'!$B:$R"),16,FALSE))) | AW17: {=IF(AU17="","",IFERROR(OFFSET($BZ$11,0,MATCH($AU17,$CA17:$FV17,0),),""))} | AX17: {=IF(AU17="","",INDIRECT("'GRD-"&AW17&"'!$L$7"))} | AY17: {=IFERROR(OFFSET($BZ$11,ROW($B17)-11,MATCH(AY$10,$CA17:$FV17,0),),"")} | AZ17: =IF(AY17="","",IF(VLOOKUP($B17,INDIRECT("'GRD-"&BA17&"'!$B:$R"),16,FALSE)="","",VLOOKUP($B17,INDIRECT("'GRD-"&BA17&"'!$B:$R"),16,FALSE))) | BA17: {=IF(AY17="","",IFERROR(OFFSET($BZ$11,0,MATCH($AY17,$CA17:$FV17,0),),""))} | BB17: {=IF(AY17="","",INDIRECT("'GRD-"&BA17&"'!$L$7"))} | BC17: {=IFERROR(OFFSET($BZ$11,ROW($B17)-11,MATCH(BC$10,$CA17:$FV17,0),),"")} | BD17: =IF(BC17="","",IF(VLOOKUP($B17,INDIRECT("'GRD-"&BE17&"'!$B:$R"),16,FALSE)="","",VLOOKUP($B17,INDIRECT("'GRD-"&BE17&"'!$B:$R"),16,FALSE))) | BE17: {=IF(BC17="","",IFERROR(OFFSET($BZ$11,0,MATCH($BC17,$CA17:$FV17,0),),""))} | BF17: {=IF(BC17="","",INDIRECT("'GRD-"&BE17&"'!$L$7"))} | CA17: =IFERROR(VLOOKUP($B17,INDIRECT("'GRD-"&CA$11&"'!B:R"),15,FALSE),"") | CB17: =IFERROR(VLOOKUP($B17,INDIRECT("'GRD-"&CB$11&"'!B:R"),15,FALSE),"") | CC17: =IFERROR(VLOOKUP($B17,INDIRECT("'GRD-"&CC$11&"'!B:R"),15,FALSE),"") | CD17: =IFERROR(VLOOKUP($B17,INDIRECT("'GRD-"&CD$11&"'!B:R"),15,FALSE),"") | CE17: =IFERROR(VLOOKUP($B17,INDIRECT("'GRD-"&CE$11&"'!B:R"),15,FALSE),"") | CF17: =IFERROR(VLOOKUP($B17,INDIRECT("'GRD-"&CF$11&"'!B:R"),15,FALSE),"") | CG17: =IFERROR(VLOOKUP($B17,INDIRECT("'GRD-"&CG$11&"'!B:R"),15,FALSE),"") | CH17: =IFERROR(VLOOKUP($B17,INDIRECT("'GRD-"&CH$11&"'!B:R"),15,FALSE),"") | ... FV17: =IFERROR(VLOOKUP($B17,INDIRECT("'GRD-"&FV$11&"'!B:R"),15,FALSE),"")
B18: IFS-9999-001-X-DC-00002 | C18: Titulo Segundo Doc R0 | D18: =IF(K18="","",MAX($CA18:$FV18)) | E18: {=IF($K18="","",OFFSET($A$1,ROW($B18)-1,11+$D18*4,))} | F18: {=IF($K18="","",OFFSET($A$1,ROW($B18)-1,12+$D18*4,))} | G18: {=IF($K18="","",OFFSET($A$1,ROW($B18)-1,13+$D18*4,))} | J18: =IF(I18="A4",H18/8,IF(I18="A3",H18/4,IF(I18="A2",H18/2,IF(I18="A1",H18/1,IF(I18="A0",H18*2,""))))) | K18: {=IFERROR(OFFSET($BZ$11,ROW($B18)-11,MATCH(K$10,$CA18:$FV18,0),),"")} | L18: =IF(K18="","",IF(VLOOKUP($B18,INDIRECT("'GRD-"&M18&"'!$B:$R"),16,FALSE)="","",VLOOKUP($B18,INDIRECT("'GRD-"&M18&"'!$B:$R"),16,FALSE))) | M18: {=IF(K18="","",IFERROR(OFFSET($BZ$11,0,MATCH($K18,$CA18:$FV18,0),),""))} | N18: {=IF(K18="","",INDIRECT("'GRD-"&M18&"'!$L$7"))} | O18: {=IFERROR(OFFSET($BZ$11,ROW($B18)-11,MATCH(O$10,$CA18:$FV18,0),),"")} | P18: =IF(O18="","",IF(VLOOKUP($B18,INDIRECT("'GRD-"&Q18&"'!$B:$R"),16,FALSE)="","",VLOOKUP($B18,INDIRECT("'GRD-"&Q18&"'!$B:$R"),16,FALSE))) | Q18: {=IF(O18="","",IFERROR(OFFSET($BZ$11,0,MATCH($O18,$CA18:$FV18,0),),""))} | R18: {=IF(O18="","",INDIRECT("'GRD-"&Q18&"'!$L$7"))} | S18: {=IFERROR(OFFSET($BZ$11,ROW($B18)-11,MATCH(S$10,$CA18:$FV18,0),),"")} | T18: =IF(S18="","",IF(VLOOKUP($B18,INDIRECT("'GRD-"&U18&"'!$B:$R"),16,FALSE)="","",VLOOKUP($B18,INDIRECT("'GRD-"&U18&"'!$B:$R"),16,FALSE))) | U18: {=IF(S18="","",IFERROR(OFFSET($BZ$11,0,MATCH($S18,$CA18:$FV18,0),),""))} | V18: {=IF(S18="","",INDIRECT("'GRD-"&U18&"'!$L$7"))} | W18: {=IFERROR(OFFSET($BZ$11,ROW($B18)-11,MATCH(W$10,$CA18:$FV18,0),),"")} | X18: =IF(W18="","",IF(VLOOKUP($B18,INDIRECT("'GRD-"&Y18&"'!$B:$R"),16,FALSE)="","",VLOOKUP($B18,INDIRECT("'GRD-"&Y18&"'!$B:$R"),16,FALSE))) | Y18: {=IF(W18="","",IFERROR(OFFSET($BZ$11,0,MATCH($W18,$CA18:$FV18,0),),""))} | Z18: {=IF(W18="","",INDIRECT("'GRD-"&Y18&"'!$L$7"))} | AA18: {=IFERROR(OFFSET($BZ$11,ROW($B18)-11,MATCH(AA$10,$CA18:$FV18,0),),"")} | AB18: =IF(AA18="","",IF(VLOOKUP($B18,INDIRECT("'GRD-"&AC18&"'!$B:$R"),16,FALSE)="","",VLOOKUP($B18,INDIRECT("'GRD-"&AC18&"'!$B:$R"),16,FALSE))) | AC18: {=IF(AA18="","",IFERROR(OFFSET($BZ$11,0,MATCH($AA18,$CA18:$FV18,0),),""))} | AD18: {=IF(AA18="","",INDIRECT("'GRD-"&AC18&"'!$L$7"))} | AE18: {=IFERROR(OFFSET($BZ$11,ROW($B18)-11,MATCH(AE$10,$CA18:$FV18,0),),"")} | AF18: =IF(AE18="","",IF(VLOOKUP($B18,INDIRECT("'GRD-"&AG18&"'!$B:$R"),16,FALSE)="","",VLOOKUP($B18,INDIRECT("'GRD-"&AG18&"'!$B:$R"),16,FALSE))) | AG18: {=IF(AE18="","",IFERROR(OFFSET($BZ$11,0,MATCH($AE18,$CA18:$FV18,0),),""))} | AH18: {=IF(AE18="","",INDIRECT("'GRD-"&AG18&"'!$L$7"))} | AI18: {=IFERROR(OFFSET($BZ$11,ROW($B18)-11,MATCH(AI$10,$CA18:$FV18,0),),"")} | AJ18: =IF(AI18="","",IF(VLOOKUP($B18,INDIRECT("'GRD-"&AK18&"'!$B:$R"),16,FALSE)="","",VLOOKUP($B18,INDIRECT("'GRD-"&AK18&"'!$B:$R"),16,FALSE))) | AK18: {=IF(AI18="","",IFERROR(OFFSET($BZ$11,0,MATCH($AI18,$CA18:$FV18,0),),""))} | AL18: {=IF(AI18="","",INDIRECT("'GRD-"&AK18&"'!$L$7"))} | AM18: {=IFERROR(OFFSET($BZ$11,ROW($B18)-11,MATCH(AM$10,$CA18:$FV18,0),),"")} | AN18: =IF(AM18="","",IF(VLOOKUP($B18,INDIRECT("'GRD-"&AO18&"'!$B:$R"),16,FALSE)="","",VLOOKUP($B18,INDIRECT("'GRD-"&AO18&"'!$B:$R"),16,FALSE))) | AO18: {=IF(AM18="","",IFERROR(OFFSET($BZ$11,0,MATCH($AM18,$CA18:$FV18,0),),""))} | AP18: {=IF(AM18="","",INDIRECT("'GRD-"&AO18&"'!$L$7"))} | AQ18: {=IFERROR(OFFSET($BZ$11,ROW($B18)-11,MATCH(AQ$10,$CA18:$FV18,0),),"")} | AR18: =IF(AQ18="","",IF(VLOOKUP($B18,INDIRECT("'GRD-"&AS18&"'!$B:$R"),16,FALSE)="","",VLOOKUP($B18,INDIRECT("'GRD-"&AS18&"'!$B:$R"),16,FALSE))) | AS18: {=IF(AQ18="","",IFERROR(OFFSET($BZ$11,0,MATCH($AQ18,$CA18:$FV18,0),),""))} | AT18: {=IF(AQ18="","",INDIRECT("'GRD-"&AS18&"'!$L$7"))} | AU18: {=IFERROR(OFFSET($BZ$11,ROW($B18)-11,MATCH(AU$10,$CA18:$FV18,0),),"")} | AV18: =IF(AU18="","",IF(VLOOKUP($B18,INDIRECT("'GRD-"&AW18&"'!$B:$R"),16,FALSE)="","",VLOOKUP($B18,INDIRECT("'GRD-"&AW18&"'!$B:$R"),16,FALSE))) | AW18: {=IF(AU18="","",IFERROR(OFFSET($BZ$11,0,MATCH($AU18,$CA18:$FV18,0),),""))} | AX18: {=IF(AU18="","",INDIRECT("'GRD-"&AW18&"'!$L$7"))} | AY18: {=IFERROR(OFFSET($BZ$11,ROW($B18)-11,MATCH(AY$10,$CA18:$FV18,0),),"")} | AZ18: =IF(AY18="","",IF(VLOOKUP($B18,INDIRECT("'GRD-"&BA18&"'!$B:$R"),16,FALSE)="","",VLOOKUP($B18,INDIRECT("'GRD-"&BA18&"'!$B:$R"),16,FALSE))) | BA18: {=IF(AY18="","",IFERROR(OFFSET($BZ$11,0,MATCH($AY18,$CA18:$FV18,0),),""))} | BB18: {=IF(AY18="","",INDIRECT("'GRD-"&BA18&"'!$L$7"))} | BC18: {=IFERROR(OFFSET($BZ$11,ROW($B18)-11,MATCH(BC$10,$CA18:$FV18,0),),"")} | BD18: =IF(BC18="","",IF(VLOOKUP($B18,INDIRECT("'GRD-"&BE18&"'!$B:$R"),16,FALSE)="","",VLOOKUP($B18,INDIRECT("'GRD-"&BE18&"'!$B:$R"),16,FALSE))) | BE18: {=IF(BC18="","",IFERROR(OFFSET($BZ$11,0,MATCH($BC18,$CA18:$FV18,0),),""))} | BF18: {=IF(BC18="","",INDIRECT("'GRD-"&BE18&"'!$L$7"))} | CA18: =IFERROR(VLOOKUP($B18,INDIRECT("'GRD-"&CA$11&"'!B:R"),15,FALSE),"") | CB18: =IFERROR(VLOOKUP($B18,INDIRECT("'GRD-"&CB$11&"'!B:R"),15,FALSE),"") | CC18: =IFERROR(VLOOKUP($B18,INDIRECT("'GRD-"&CC$11&"'!B:R"),15,FALSE),"") | CD18: =IFERROR(VLOOKUP($B18,INDIRECT("'GRD-"&CD$11&"'!B:R"),15,FALSE),"") | CE18: =IFERROR(VLOOKUP($B18,INDIRECT("'GRD-"&CE$11&"'!B:R"),15,FALSE),"") | CF18: =IFERROR(VLOOKUP($B18,INDIRECT("'GRD-"&CF$11&"'!B:R"),15,FALSE),"") | CG18: =IFERROR(VLOOKUP($B18,INDIRECT("'GRD-"&CG$11&"'!B:R"),15,FALSE),"") | CH18: =IFERROR(VLOOKUP($B18,INDIRECT("'GRD-"&CH$11&"'!B:R"),15,FALSE),"") | ... FV18: =IFERROR(VLOOKUP($B18,INDIRECT("'GRD-"&FV$11&"'!B:R"),15,FALSE),"")
D19: =IF(K19="","",MAX($CA19:$FV19)) | E19: {=IF($K19="","",OFFSET($A$1,ROW($B19)-1,11+$D19*4,))} | F19: {=IF($K19="","",OFFSET($A$1,ROW($B19)-1,12+$D19*4,))} | G19: {=IF($K19="","",OFFSET($A$1,ROW($B19)-1,13+$D19*4,))} | J19: =IF(I19="A4",H19/8,IF(I19="A3",H19/4,IF(I19="A2",H19/2,IF(I19="A1",H19/1,IF(I19="A0",H19*2,""))))) | K19: {=IFERROR(OFFSET($BZ$11,ROW($B19)-11,MATCH(K$10,$CA19:$FV19,0),),"")} | L19: =IF(K19="","",IF(VLOOKUP($B19,INDIRECT("'GRD-"&M19&"'!$B:$R"),16,FALSE)="","",VLOOKUP($B19,INDIRECT("'GRD-"&M19&"'!$B:$R"),16,FALSE))) | M19: {=IF(K19="","",IFERROR(OFFSET($BZ$11,0,MATCH($K19,$CA19:$FV19,0),),""))} | N19: {=IF(K19="","",INDIRECT("'GRD-"&M19&"'!$L$7"))} | O19: {=IFERROR(OFFSET($BZ$11,ROW($B19)-11,MATCH(O$10,$CA19:$FV19,0),),"")} | P19: =IF(O19="","",IF(VLOOKUP($B19,INDIRECT("'GRD-"&Q19&"'!$B:$R"),16,FALSE)="","",VLOOKUP($B19,INDIRECT("'GRD-"&Q19&"'!$B:$R"),16,FALSE))) | Q19: {=IF(O19="","",IFERROR(OFFSET($BZ$11,0,MATCH($O19,$CA19:$FV19,0),),""))} | R19: {=IF(O19="","",INDIRECT("'GRD-"&Q19&"'!$L$7"))} | S19: {=IFERROR(OFFSET($BZ$11,ROW($B19)-11,MATCH(S$10,$CA19:$FV19,0),),"")} | T19: =IF(S19="","",IF(VLOOKUP($B19,INDIRECT("'GRD-"&U19&"'!$B:$R"),16,FALSE)="","",VLOOKUP($B19,INDIRECT("'GRD-"&U19&"'!$B:$R"),16,FALSE))) | U19: {=IF(S19="","",IFERROR(OFFSET($BZ$11,0,MATCH($S19,$CA19:$FV19,0),),""))} | V19: {=IF(S19="","",INDIRECT("'GRD-"&U19&"'!$L$7"))} | W19: {=IFERROR(OFFSET($BZ$11,ROW($B19)-11,MATCH(W$10,$CA19:$FV19,0),),"")} | X19: =IF(W19="","",IF(VLOOKUP($B19,INDIRECT("'GRD-"&Y19&"'!$B:$R"),16,FALSE)="","",VLOOKUP($B19,INDIRECT("'GRD-"&Y19&"'!$B:$R"),16,FALSE))) | Y19: {=IF(W19="","",IFERROR(OFFSET($BZ$11,0,MATCH($W19,$CA19:$FV19,0),),""))} | Z19: {=IF(W19="","",INDIRECT("'GRD-"&Y19&"'!$L$7"))} | AA19: {=IFERROR(OFFSET($BZ$11,ROW($B19)-11,MATCH(AA$10,$CA19:$FV19,0),),"")} | AB19: =IF(AA19="","",IF(VLOOKUP($B19,INDIRECT("'GRD-"&AC19&"'!$B:$R"),16,FALSE)="","",VLOOKUP($B19,INDIRECT("'GRD-"&AC19&"'!$B:$R"),16,FALSE))) | AC19: {=IF(AA19="","",IFERROR(OFFSET($BZ$11,0,MATCH($AA19,$CA19:$FV19,0),),""))} | AD19: {=IF(AA19="","",INDIRECT("'GRD-"&AC19&"'!$L$7"))} | AE19: {=IFERROR(OFFSET($BZ$11,ROW($B19)-11,MATCH(AE$10,$CA19:$FV19,0),),"")} | AF19: =IF(AE19="","",IF(VLOOKUP($B19,INDIRECT("'GRD-"&AG19&"'!$B:$R"),16,FALSE)="","",VLOOKUP($B19,INDIRECT("'GRD-"&AG19&"'!$B:$R"),16,FALSE))) | AG19: {=IF(AE19="","",IFERROR(OFFSET($BZ$11,0,MATCH($AE19,$CA19:$FV19,0),),""))} | AH19: {=IF(AE19="","",INDIRECT("'GRD-"&AG19&"'!$L$7"))} | AI19: {=IFERROR(OFFSET($BZ$11,ROW($B19)-11,MATCH(AI$10,$CA19:$FV19,0),),"")} | AJ19: =IF(AI19="","",IF(VLOOKUP($B19,INDIRECT("'GRD-"&AK19&"'!$B:$R"),16,FALSE)="","",VLOOKUP($B19,INDIRECT("'GRD-"&AK19&"'!$B:$R"),16,FALSE))) | AK19: {=IF(AI19="","",IFERROR(OFFSET($BZ$11,0,MATCH($AI19,$CA19:$FV19,0),),""))} | AL19: {=IF(AI19="","",INDIRECT("'GRD-"&AK19&"'!$L$7"))} | AM19: {=IFERROR(OFFSET($BZ$11,ROW($B19)-11,MATCH(AM$10,$CA19:$FV19,0),),"")} | AN19: =IF(AM19="","",IF(VLOOKUP($B19,INDIRECT("'GRD-"&AO19&"'!$B:$R"),16,FALSE)="","",VLOOKUP($B19,INDIRECT("'GRD-"&AO19&"'!$B:$R"),16,FALSE))) | AO19: {=IF(AM19="","",IFERROR(OFFSET($BZ$11,0,MATCH($AM19,$CA19:$FV19,0),),""))} | AP19: {=IF(AM19="","",INDIRECT("'GRD-"&AO19&"'!$L$7"))} | AQ19: {=IFERROR(OFFSET($BZ$11,ROW($B19)-11,MATCH(AQ$10,$CA19:$FV19,0),),"")} | AR19: =IF(AQ19="","",IF(VLOOKUP($B19,INDIRECT("'GRD-"&AS19&"'!$B:$R"),16,FALSE)="","",VLOOKUP($B19,INDIRECT("'GRD-"&AS19&"'!$B:$R"),16,FALSE))) | AS19: {=IF(AQ19="","",IFERROR(OFFSET($BZ$11,0,MATCH($AQ19,$CA19:$FV19,0),),""))} | AT19: {=IF(AQ19="","",INDIRECT("'GRD-"&AS19&"'!$L$7"))} | AU19: {=IFERROR(OFFSET($BZ$11,ROW($B19)-11,MATCH(AU$10,$CA19:$FV19,0),),"")} | AV19: =IF(AU19="","",IF(VLOOKUP($B19,INDIRECT("'GRD-"&AW19&"'!$B:$R"),16,FALSE)="","",VLOOKUP($B19,INDIRECT("'GRD-"&AW19&"'!$B:$R"),16,FALSE))) | AW19: {=IF(AU19="","",IFERROR(OFFSET($BZ$11,0,MATCH($AU19,$CA19:$FV19,0),),""))} | AX19: {=IF(AU19="","",INDIRECT("'GRD-"&AW19&"'!$L$7"))} | AY19: {=IFERROR(OFFSET($BZ$11,ROW($B19)-11,MATCH(AY$10,$CA19:$FV19,0),),"")} | AZ19: =IF(AY19="","",IF(VLOOKUP($B19,INDIRECT("'GRD-"&BA19&"'!$B:$R"),16,FALSE)="","",VLOOKUP($B19,INDIRECT("'GRD-"&BA19&"'!$B:$R"),16,FALSE))) | BA19: {=IF(AY19="","",IFERROR(OFFSET($BZ$11,0,MATCH($AY19,$CA19:$FV19,0),),""))} | BB19: {=IF(AY19="","",INDIRECT("'GRD-"&BA19&"'!$L$7"))} | BC19: {=IFERROR(OFFSET($BZ$11,ROW($B19)-11,MATCH(BC$10,$CA19:$FV19,0),),"")} | BD19: =IF(BC19="","",IF(VLOOKUP($B19,INDIRECT("'GRD-"&BE19&"'!$B:$R"),16,FALSE)="","",VLOOKUP($B19,INDIRECT("'GRD-"&BE19&"'!$B:$R"),16,FALSE))) | BE19: {=IF(BC19="","",IFERROR(OFFSET($BZ$11,0,MATCH($BC19,$CA19:$FV19,0),),""))} | BF19: {=IF(BC19="","",INDIRECT("'GRD-"&BE19&"'!$L$7"))} | CA19: =IFERROR(VLOOKUP($B19,INDIRECT("'GRD-"&CA$11&"'!B:R"),15,FALSE),"") | CB19: =IFERROR(VLOOKUP($B19,INDIRECT("'GRD-"&CB$11&"'!B:R"),15,FALSE),"") | CC19: =IFERROR(VLOOKUP($B19,INDIRECT("'GRD-"&CC$11&"'!B:R"),15,FALSE),"") | CD19: =IFERROR(VLOOKUP($B19,INDIRECT("'GRD-"&CD$11&"'!B:R"),15,FALSE),"") | CE19: =IFERROR(VLOOKUP($B19,INDIRECT("'GRD-"&CE$11&"'!B:R"),15,FALSE),"") | CF19: =IFERROR(VLOOKUP($B19,INDIRECT("'GRD-"&CF$11&"'!B:R"),15,FALSE),"") | CG19: =IFERROR(VLOOKUP($B19,INDIRECT("'GRD-"&CG$11&"'!B:R"),15,FALSE),"") | CH19: =IFERROR(VLOOKUP($B19,INDIRECT("'GRD-"&CH$11&"'!B:R"),15,FALSE),"") | ... FV19: =IFERROR(VLOOKUP($B19,INDIRECT("'GRD-"&FV$11&"'!B:R"),15,FALSE),"")
D20: =IF(K20="","",MAX($CA20:$FV20)) | E20: {=IF($K20="","",OFFSET($A$1,ROW($B20)-1,11+$D20*4,))} | F20: {=IF($K20="","",OFFSET($A$1,ROW($B20)-1,12+$D20*4,))} | G20: {=IF($K20="","",OFFSET($A$1,ROW($B20)-1,13+$D20*4,))} | J20: =IF(I20="A4",H20/8,IF(I20="A3",H20/4,IF(I20="A2",H20/2,IF(I20="A1",H20/1,IF(I20="A0",H20*2,""))))) | K20: {=IFERROR(OFFSET($BZ$11,ROW($B20)-11,MATCH(K$10,$CA20:$FV20,0),),"")} | L20: =IF(K20="","",IF(VLOOKUP($B20,INDIRECT("'GRD-"&M20&"'!$B:$R"),16,FALSE)="","",VLOOKUP($B20,INDIRECT("'GRD-"&M20&"'!$B:$R"),16,FALSE))) | M20: {=IF(K20="","",IFERROR(OFFSET($BZ$11,0,MATCH($K20,$CA20:$FV20,0),),""))} | N20: {=IF(K20="","",INDIRECT("'GRD-"&M20&"'!$L$7"))} | O20: {=IFERROR(OFFSET($BZ$11,ROW($B20)-11,MATCH(O$10,$CA20:$FV20,0),),"")} | P20: =IF(O20="","",IF(VLOOKUP($B20,INDIRECT("'GRD-"&Q20&"'!$B:$R"),16,FALSE)="","",VLOOKUP($B20,INDIRECT("'GRD-"&Q20&"'!$B:$R"),16,FALSE))) | Q20: {=IF(O20="","",IFERROR(OFFSET($BZ$11,0,MATCH($O20,$CA20:$FV20,0),),""))} | R20: {=IF(O20="","",INDIRECT("'GRD-"&Q20&"'!$L$7"))} | S20: {=IFERROR(OFFSET($BZ$11,ROW($B20)-11,MATCH(S$10,$CA20:$FV20,0),),"")} | T20: =IF(S20="","",IF(VLOOKUP($B20,INDIRECT("'GRD-"&U20&"'!$B:$R"),16,FALSE)="","",VLOOKUP($B20,INDIRECT("'GRD-"&U20&"'!$B:$R"),16,FALSE))) | U20: {=IF(S20="","",IFERROR(OFFSET($BZ$11,0,MATCH($S20,$CA20:$FV20,0),),""))} | V20: {=IF(S20="","",INDIRECT("'GRD-"&U20&"'!$L$7"))} | W20: {=IFERROR(OFFSET($BZ$11,ROW($B20)-11,MATCH(W$10,$CA20:$FV20,0),),"")} | X20: =IF(W20="","",IF(VLOOKUP($B20,INDIRECT("'GRD-"&Y20&"'!$B:$R"),16,FALSE)="","",VLOOKUP($B20,INDIRECT("'GRD-"&Y20&"'!$B:$R"),16,FALSE))) | Y20: {=IF(W20="","",IFERROR(OFFSET($BZ$11,0,MATCH($W20,$CA20:$FV20,0),),""))} | Z20: {=IF(W20="","",INDIRECT("'GRD-"&Y20&"'!$L$7"))} | AA20: {=IFERROR(OFFSET($BZ$11,ROW($B20)-11,MATCH(AA$10,$CA20:$FV20,0),),"")} | AB20: =IF(AA20="","",IF(VLOOKUP($B20,INDIRECT("'GRD-"&AC20&"'!$B:$R"),16,FALSE)="","",VLOOKUP($B20,INDIRECT("'GRD-"&AC20&"'!$B:$R"),16,FALSE))) | AC20: {=IF(AA20="","",IFERROR(OFFSET($BZ$11,0,MATCH($AA20,$CA20:$FV20,0),),""))} | AD20: {=IF(AA20="","",INDIRECT("'GRD-"&AC20&"'!$L$7"))} | AE20: {=IFERROR(OFFSET($BZ$11,ROW($B20)-11,MATCH(AE$10,$CA20:$FV20,0),),"")} | AF20: =IF(AE20="","",IF(VLOOKUP($B20,INDIRECT("'GRD-"&AG20&"'!$B:$R"),16,FALSE)="","",VLOOKUP($B20,INDIRECT("'GRD-"&AG20&"'!$B:$R"),16,FALSE))) | AG20: {=IF(AE20="","",IFERROR(OFFSET($BZ$11,0,MATCH($AE20,$CA20:$FV20,0),),""))} | AH20: {=IF(AE20="","",INDIRECT("'GRD-"&AG20&"'!$L$7"))} | AI20: {=IFERROR(OFFSET($BZ$11,ROW($B20)-11,MATCH(AI$10,$CA20:$FV20,0),),"")} | AJ20: =IF(AI20="","",IF(VLOOKUP($B20,INDIRECT("'GRD-"&AK20&"'!$B:$R"),16,FALSE)="","",VLOOKUP($B20,INDIRECT("'GRD-"&AK20&"'!$B:$R"),16,FALSE))) | AK20: {=IF(AI20="","",IFERROR(OFFSET($BZ$11,0,MATCH($AI20,$CA20:$FV20,0),),""))} | AL20: {=IF(AI20="","",INDIRECT("'GRD-"&AK20&"'!$L$7"))} | AM20: {=IFERROR(OFFSET($BZ$11,ROW($B20)-11,MATCH(AM$10,$CA20:$FV20,0),),"")} | AN20: =IF(AM20="","",IF(VLOOKUP($B20,INDIRECT("'GRD-"&AO20&"'!$B:$R"),16,FALSE)="","",VLOOKUP($B20,INDIRECT("'GRD-"&AO20&"'!$B:$R"),16,FALSE))) | AO20: {=IF(AM20="","",IFERROR(OFFSET($BZ$11,0,MATCH($AM20,$CA20:$FV20,0),),""))} | AP20: {=IF(AM20="","",INDIRECT("'GRD-"&AO20&"'!$L$7"))} | AQ20: {=IFERROR(OFFSET($BZ$11,ROW($B20)-11,MATCH(AQ$10,$CA20:$FV20,0),),"")} | AR20: =IF(AQ20="","",IF(VLOOKUP($B20,INDIRECT("'GRD-"&AS20&"'!$B:$R"),16,FALSE)="","",VLOOKUP($B20,INDIRECT("'GRD-"&AS20&"'!$B:$R"),16,FALSE))) | AS20: {=IF(AQ20="","",IFERROR(OFFSET($BZ$11,0,MATCH($AQ20,$CA20:$FV20,0),),""))} | AT20: {=IF(AQ20="","",INDIRECT("'GRD-"&AS20&"'!$L$7"))} | AU20: {=IFERROR(OFFSET($BZ$11,ROW($B20)-11,MATCH(AU$10,$CA20:$FV20,0),),"")} | AV20: =IF(AU20="","",IF(VLOOKUP($B20,INDIRECT("'GRD-"&AW20&"'!$B:$R"),16,FALSE)="","",VLOOKUP($B20,INDIRECT("'GRD-"&AW20&"'!$B:$R"),16,FALSE))) | AW20: {=IF(AU20="","",IFERROR(OFFSET($BZ$11,0,MATCH($AU20,$CA20:$FV20,0),),""))} | AX20: {=IF(AU20="","",INDIRECT("'GRD-"&AW20&"'!$L$7"))} | AY20: {=IFERROR(OFFSET($BZ$11,ROW($B20)-11,MATCH(AY$10,$CA20:$FV20,0),),"")} | AZ20: =IF(AY20="","",IF(VLOOKUP($B20,INDIRECT("'GRD-"&BA20&"'!$B:$R"),16,FALSE)="","",VLOOKUP($B20,INDIRECT("'GRD-"&BA20&"'!$B:$R"),16,FALSE))) | BA20: {=IF(AY20="","",IFERROR(OFFSET($BZ$11,0,MATCH($AY20,$CA20:$FV20,0),),""))} | BB20: {=IF(AY20="","",INDIRECT("'GRD-"&BA20&"'!$L$7"))} | BC20: {=IFERROR(OFFSET($BZ$11,ROW($B20)-11,MATCH(BC$10,$CA20:$FV20,0),),"")} | BD20: =IF(BC20="","",IF(VLOOKUP($B20,INDIRECT("'GRD-"&BE20&"'!$B:$R"),16,FALSE)="","",VLOOKUP($B20,INDIRECT("'GRD-"&BE20&"'!$B:$R"),16,FALSE))) | BE20: {=IF(BC20="","",IFERROR(OFFSET($BZ$11,0,MATCH($BC20,$CA20:$FV20,0),),""))} | BF20: {=IF(BC20="","",INDIRECT("'GRD-"&BE20&"'!$L$7"))} | CA20: =IFERROR(VLOOKUP($B20,INDIRECT("'GRD-"&CA$11&"'!B:R"),15,FALSE),"") | CB20: =IFERROR(VLOOKUP($B20,INDIRECT("'GRD-"&CB$11&"'!B:R"),15,FALSE),"") | CC20: =IFERROR(VLOOKUP($B20,INDIRECT("'GRD-"&CC$11&"'!B:R"),15,FALSE),"") | CD20: =IFERROR(VLOOKUP($B20,INDIRECT("'GRD-"&CD$11&"'!B:R"),15,FALSE),"") | CE20: =IFERROR(VLOOKUP($B20,INDIRECT("'GRD-"&CE$11&"'!B:R"),15,FALSE),"") | CF20: =IFERROR(VLOOKUP($B20,INDIRECT("'GRD-"&CF$11&"'!B:R"),15,FALSE),"") | CG20: =IFERROR(VLOOKUP($B20,INDIRECT("'GRD-"&CG$11&"'!B:R"),15,FALSE),"") | CH20: =IFERROR(VLOOKUP($B20,INDIRECT("'GRD-"&CH$11&"'!B:R"),15,FALSE),"") | ... FV20: =IFERROR(VLOOKUP($B20,INDIRECT("'GRD-"&FV$11&"'!B:R"),15,FALSE),"")
D21: =IF(K21="","",MAX($CA21:$FV21)) | E21: {=IF($K21="","",OFFSET($A$1,ROW($B21)-1,11+$D21*4,))} | F21: {=IF($K21="","",OFFSET($A$1,ROW($B21)-1,12+$D21*4,))} | G21: {=IF($K21="","",OFFSET($A$1,ROW($B21)-1,13+$D21*4,))} | J21: =IF(I21="A4",H21/8,IF(I21="A3",H21/4,IF(I21="A2",H21/2,IF(I21="A1",H21/1,IF(I21="A0",H21*2,""))))) | K21: {=IFERROR(OFFSET($BZ$11,ROW($B21)-11,MATCH(K$10,$CA21:$FV21,0),),"")} | L21: =IF(K21="","",IF(VLOOKUP($B21,INDIRECT("'GRD-"&M21&"'!$B:$R"),16,FALSE)="","",VLOOKUP($B21,INDIRECT("'GRD-"&M21&"'!$B:$R"),16,FALSE))) | M21: {=IF(K21="","",IFERROR(OFFSET($BZ$11,0,MATCH($K21,$CA21:$FV21,0),),""))} | N21: {=IF(K21="","",INDIRECT("'GRD-"&M21&"'!$L$7"))} | O21: {=IFERROR(OFFSET($BZ$11,ROW($B21)-11,MATCH(O$10,$CA21:$FV21,0),),"")} | P21: =IF(O21="","",IF(VLOOKUP($B21,INDIRECT("'GRD-"&Q21&"'!$B:$R"),16,FALSE)="","",VLOOKUP($B21,INDIRECT("'GRD-"&Q21&"'!$B:$R"),16,FALSE))) | Q21: {=IF(O21="","",IFERROR(OFFSET($BZ$11,0,MATCH($O21,$CA21:$FV21,0),),""))} | R21: {=IF(O21="","",INDIRECT("'GRD-"&Q21&"'!$L$7"))} | S21: {=IFERROR(OFFSET($BZ$11,ROW($B21)-11,MATCH(S$10,$CA21:$FV21,0),),"")} | T21: =IF(S21="","",IF(VLOOKUP($B21,INDIRECT("'GRD-"&U21&"'!$B:$R"),16,FALSE)="","",VLOOKUP($B21,INDIRECT("'GRD-"&U21&"'!$B:$R"),16,FALSE))) | U21: {=IF(S21="","",IFERROR(OFFSET($BZ$11,0,MATCH($S21,$CA21:$FV21,0),),""))} | V21: {=IF(S21="","",INDIRECT("'GRD-"&U21&"'!$L$7"))} | W21: {=IFERROR(OFFSET($BZ$11,ROW($B21)-11,MATCH(W$10,$CA21:$FV21,0),),"")} | X21: =IF(W21="","",IF(VLOOKUP($B21,INDIRECT("'GRD-"&Y21&"'!$B:$R"),16,FALSE)="","",VLOOKUP($B21,INDIRECT("'GRD-"&Y21&"'!$B:$R"),16,FALSE))) | Y21: {=IF(W21="","",IFERROR(OFFSET($BZ$11,0,MATCH($W21,$CA21:$FV21,0),),""))} | Z21: {=IF(W21="","",INDIRECT("'GRD-"&Y21&"'!$L$7"))} | AA21: {=IFERROR(OFFSET($BZ$11,ROW($B21)-11,MATCH(AA$10,$CA21:$FV21,0),),"")} | AB21: =IF(AA21="","",IF(VLOOKUP($B21,INDIRECT("'GRD-"&AC21&"'!$B:$R"),16,FALSE)="","",VLOOKUP($B21,INDIRECT("'GRD-"&AC21&"'!$B:$R"),16,FALSE))) | AC21: {=IF(AA21="","",IFERROR(OFFSET($BZ$11,0,MATCH($AA21,$CA21:$FV21,0),),""))} | AD21: {=IF(AA21="","",INDIRECT("'GRD-"&AC21&"'!$L$7"))} | AE21: {=IFERROR(OFFSET($BZ$11,ROW($B21)-11,MATCH(AE$10,$CA21:$FV21,0),),"")} | AF21: =IF(AE21="","",IF(VLOOKUP($B21,INDIRECT("'GRD-"&AG21&"'!$B:$R"),16,FALSE)="","",VLOOKUP($B21,INDIRECT("'GRD-"&AG21&"'!$B:$R"),16,FALSE))) | AG21: {=IF(AE21="","",IFERROR(OFFSET($BZ$11,0,MATCH($AE21,$CA21:$FV21,0),),""))} | AH21: {=IF(AE21="","",INDIRECT("'GRD-"&AG21&"'!$L$7"))} | AI21: {=IFERROR(OFFSET($BZ$11,ROW($B21)-11,MATCH(AI$10,$CA21:$FV21,0),),"")} | AJ21: =IF(AI21="","",IF(VLOOKUP($B21,INDIRECT("'GRD-"&AK21&"'!$B:$R"),16,FALSE)="","",VLOOKUP($B21,INDIRECT("'GRD-"&AK21&"'!$B:$R"),16,FALSE))) | AK21: {=IF(AI21="","",IFERROR(OFFSET($BZ$11,0,MATCH($AI21,$CA21:$FV21,0),),""))} | AL21: {=IF(AI21="","",INDIRECT("'GRD-"&AK21&"'!$L$7"))} | AM21: {=IFERROR(OFFSET($BZ$11,ROW($B21)-11,MATCH(AM$10,$CA21:$FV21,0),),"")} | AN21: =IF(AM21="","",IF(VLOOKUP($B21,INDIRECT("'GRD-"&AO21&"'!$B:$R"),16,FALSE)="","",VLOOKUP($B21,INDIRECT("'GRD-"&AO21&"'!$B:$R"),16,FALSE))) | AO21: {=IF(AM21="","",IFERROR(OFFSET($BZ$11,0,MATCH($AM21,$CA21:$FV21,0),),""))} | AP21: {=IF(AM21="","",INDIRECT("'GRD-"&AO21&"'!$L$7"))} | AQ21: {=IFERROR(OFFSET($BZ$11,ROW($B21)-11,MATCH(AQ$10,$CA21:$FV21,0),),"")} | AR21: =IF(AQ21="","",IF(VLOOKUP($B21,INDIRECT("'GRD-"&AS21&"'!$B:$R"),16,FALSE)="","",VLOOKUP($B21,INDIRECT("'GRD-"&AS21&"'!$B:$R"),16,FALSE))) | AS21: {=IF(AQ21="","",IFERROR(OFFSET($BZ$11,0,MATCH($AQ21,$CA21:$FV21,0),),""))} | AT21: {=IF(AQ21="","",INDIRECT("'GRD-"&AS21&"'!$L$7"))} | AU21: {=IFERROR(OFFSET($BZ$11,ROW($B21)-11,MATCH(AU$10,$CA21:$FV21,0),),"")} | AV21: =IF(AU21="","",IF(VLOOKUP($B21,INDIRECT("'GRD-"&AW21&"'!$B:$R"),16,FALSE)="","",VLOOKUP($B21,INDIRECT("'GRD-"&AW21&"'!$B:$R"),16,FALSE))) | AW21: {=IF(AU21="","",IFERROR(OFFSET($BZ$11,0,MATCH($AU21,$CA21:$FV21,0),),""))} | AX21: {=IF(AU21="","",INDIRECT("'GRD-"&AW21&"'!$L$7"))} | AY21: {=IFERROR(OFFSET($BZ$11,ROW($B21)-11,MATCH(AY$10,$CA21:$FV21,0),),"")} | AZ21: =IF(AY21="","",IF(VLOOKUP($B21,INDIRECT("'GRD-"&BA21&"'!$B:$R"),16,FALSE)="","",VLOOKUP($B21,INDIRECT("'GRD-"&BA21&"'!$B:$R"),16,FALSE))) | BA21: {=IF(AY21="","",IFERROR(OFFSET($BZ$11,0,MATCH($AY21,$CA21:$FV21,0),),""))} | BB21: {=IF(AY21="","",INDIRECT("'GRD-"&BA21&"'!$L$7"))} | BC21: {=IFERROR(OFFSET($BZ$11,ROW($B21)-11,MATCH(BC$10,$CA21:$FV21,0),),"")} | BD21: =IF(BC21="","",IF(VLOOKUP($B21,INDIRECT("'GRD-"&BE21&"'!$B:$R"),16,FALSE)="","",VLOOKUP($B21,INDIRECT("'GRD-"&BE21&"'!$B:$R"),16,FALSE))) | BE21: {=IF(BC21="","",IFERROR(OFFSET($BZ$11,0,MATCH($BC21,$CA21:$FV21,0),),""))} | BF21: {=IF(BC21="","",INDIRECT("'GRD-"&BE21&"'!$L$7"))} | CA21: =IFERROR(VLOOKUP($B21,INDIRECT("'GRD-"&CA$11&"'!B:R"),15,FALSE),"") | CB21: =IFERROR(VLOOKUP($B21,INDIRECT("'GRD-"&CB$11&"'!B:R"),15,FALSE),"") | CC21: =IFERROR(VLOOKUP($B21,INDIRECT("'GRD-"&CC$11&"'!B:R"),15,FALSE),"") | CD21: =IFERROR(VLOOKUP($B21,INDIRECT("'GRD-"&CD$11&"'!B:R"),15,FALSE),"") | CE21: =IFERROR(VLOOKUP($B21,INDIRECT("'GRD-"&CE$11&"'!B:R"),15,FALSE),"") | CF21: =IFERROR(VLOOKUP($B21,INDIRECT("'GRD-"&CF$11&"'!B:R"),15,FALSE),"") | CG21: =IFERROR(VLOOKUP($B21,INDIRECT("'GRD-"&CG$11&"'!B:R"),15,FALSE),"") | CH21: =IFERROR(VLOOKUP($B21,INDIRECT("'GRD-"&CH$11&"'!B:R"),15,FALSE),"") | ... FV21: =IFERROR(VLOOKUP($B21,INDIRECT("'GRD-"&FV$11&"'!B:R"),15,FALSE),"")
D22: =IF(K22="","",MAX($CA22:$FV22)) | E22: {=IF($K22="","",OFFSET($A$1,ROW($B22)-1,11+$D22*4,))} | F22: {=IF($K22="","",OFFSET($A$1,ROW($B22)-1,12+$D22*4,))} | G22: {=IF($K22="","",OFFSET($A$1,ROW($B22)-1,13+$D22*4,))} | J22: =IF(I22="A4",H22/8,IF(I22="A3",H22/4,IF(I22="A2",H22/2,IF(I22="A1",H22/1,IF(I22="A0",H22*2,""))))) | K22: {=IFERROR(OFFSET($BZ$11,ROW($B22)-11,MATCH(K$10,$CA22:$FV22,0),),"")} | L22: =IF(K22="","",IF(VLOOKUP($B22,INDIRECT("'GRD-"&M22&"'!$B:$R"),16,FALSE)="","",VLOOKUP($B22,INDIRECT("'GRD-"&M22&"'!$B:$R"),16,FALSE))) | M22: {=IF(K22="","",IFERROR(OFFSET($BZ$11,0,MATCH($K22,$CA22:$FV22,0),),""))} | N22: {=IF(K22="","",INDIRECT("'GRD-"&M22&"'!$L$7"))} | O22: {=IFERROR(OFFSET($BZ$11,ROW($B22)-11,MATCH(O$10,$CA22:$FV22,0),),"")} | P22: =IF(O22="","",IF(VLOOKUP($B22,INDIRECT("'GRD-"&Q22&"'!$B:$R"),16,FALSE)="","",VLOOKUP($B22,INDIRECT("'GRD-"&Q22&"'!$B:$R"),16,FALSE))) | Q22: {=IF(O22="","",IFERROR(OFFSET($BZ$11,0,MATCH($O22,$CA22:$FV22,0),),""))} | R22: {=IF(O22="","",INDIRECT("'GRD-"&Q22&"'!$L$7"))} | S22: {=IFERROR(OFFSET($BZ$11,ROW($B22)-11,MATCH(S$10,$CA22:$FV22,0),),"")} | T22: =IF(S22="","",IF(VLOOKUP($B22,INDIRECT("'GRD-"&U22&"'!$B:$R"),16,FALSE)="","",VLOOKUP($B22,INDIRECT("'GRD-"&U22&"'!$B:$R"),16,FALSE))) | U22: {=IF(S22="","",IFERROR(OFFSET($BZ$11,0,MATCH($S22,$CA22:$FV22,0),),""))} | V22: {=IF(S22="","",INDIRECT("'GRD-"&U22&"'!$L$7"))} | W22: {=IFERROR(OFFSET($BZ$11,ROW($B22)-11,MATCH(W$10,$CA22:$FV22,0),),"")} | X22: =IF(W22="","",IF(VLOOKUP($B22,INDIRECT("'GRD-"&Y22&"'!$B:$R"),16,FALSE)="","",VLOOKUP($B22,INDIRECT("'GRD-"&Y22&"'!$B:$R"),16,FALSE))) | Y22: {=IF(W22="","",IFERROR(OFFSET($BZ$11,0,MATCH($W22,$CA22:$FV22,0),),""))} | Z22: {=IF(W22="","",INDIRECT("'GRD-"&Y22&"'!$L$7"))} | AA22: {=IFERROR(OFFSET($BZ$11,ROW($B22)-11,MATCH(AA$10,$CA22:$FV22,0),),"")} | AB22: =IF(AA22="","",IF(VLOOKUP($B22,INDIRECT("'GRD-"&AC22&"'!$B:$R"),16,FALSE)="","",VLOOKUP($B22,INDIRECT("'GRD-"&AC22&"'!$B:$R"),16,FALSE))) | AC22: {=IF(AA22="","",IFERROR(OFFSET($BZ$11,0,MATCH($AA22,$CA22:$FV22,0),),""))} | AD22: {=IF(AA22="","",INDIRECT("'GRD-"&AC22&"'!$L$7"))} | AE22: {=IFERROR(OFFSET($BZ$11,ROW($B22)-11,MATCH(AE$10,$CA22:$FV22,0),),"")} | AF22: =IF(AE22="","",IF(VLOOKUP($B22,INDIRECT("'GRD-"&AG22&"'!$B:$R"),16,FALSE)="","",VLOOKUP($B22,INDIRECT("'GRD-"&AG22&"'!$B:$R"),16,FALSE))) | AG22: {=IF(AE22="","",IFERROR(OFFSET($BZ$11,0,MATCH($AE22,$CA22:$FV22,0),),""))} | AH22: {=IF(AE22="","",INDIRECT("'GRD-"&AG22&"'!$L$7"))} | AI22: {=IFERROR(OFFSET($BZ$11,ROW($B22)-11,MATCH(AI$10,$CA22:$FV22,0),),"")} | AJ22: =IF(AI22="","",IF(VLOOKUP($B22,INDIRECT("'GRD-"&AK22&"'!$B:$R"),16,FALSE)="","",VLOOKUP($B22,INDIRECT("'GRD-"&AK22&"'!$B:$R"),16,FALSE))) | AK22: {=IF(AI22="","",IFERROR(OFFSET($BZ$11,0,MATCH($AI22,$CA22:$FV22,0),),""))} | AL22: {=IF(AI22="","",INDIRECT("'GRD-"&AK22&"'!$L$7"))} | AM22: {=IFERROR(OFFSET($BZ$11,ROW($B22)-11,MATCH(AM$10,$CA22:$FV22,0),),"")} | AN22: =IF(AM22="","",IF(VLOOKUP($B22,INDIRECT("'GRD-"&AO22&"'!$B:$R"),16,FALSE)="","",VLOOKUP($B22,INDIRECT("'GRD-"&AO22&"'!$B:$R"),16,FALSE))) | AO22: {=IF(AM22="","",IFERROR(OFFSET($BZ$11,0,MATCH($AM22,$CA22:$FV22,0),),""))} | AP22: {=IF(AM22="","",INDIRECT("'GRD-"&AO22&"'!$L$7"))} | AQ22: {=IFERROR(OFFSET($BZ$11,ROW($B22)-11,MATCH(AQ$10,$CA22:$FV22,0),),"")} | AR22: =IF(AQ22="","",IF(VLOOKUP($B22,INDIRECT("'GRD-"&AS22&"'!$B:$R"),16,FALSE)="","",VLOOKUP($B22,INDIRECT("'GRD-"&AS22&"'!$B:$R"),16,FALSE))) | AS22: {=IF(AQ22="","",IFERROR(OFFSET($BZ$11,0,MATCH($AQ22,$CA22:$FV22,0),),""))} | AT22: {=IF(AQ22="","",INDIRECT("'GRD-"&AS22&"'!$L$7"))} | AU22: {=IFERROR(OFFSET($BZ$11,ROW($B22)-11,MATCH(AU$10,$CA22:$FV22,0),),"")} | AV22: =IF(AU22="","",IF(VLOOKUP($B22,INDIRECT("'GRD-"&AW22&"'!$B:$R"),16,FALSE)="","",VLOOKUP($B22,INDIRECT("'GRD-"&AW22&"'!$B:$R"),16,FALSE))) | AW22: {=IF(AU22="","",IFERROR(OFFSET($BZ$11,0,MATCH($AU22,$CA22:$FV22,0),),""))} | AX22: {=IF(AU22="","",INDIRECT("'GRD-"&AW22&"'!$L$7"))} | AY22: {=IFERROR(OFFSET($BZ$11,ROW($B22)-11,MATCH(AY$10,$CA22:$FV22,0),),"")} | AZ22: =IF(AY22="","",IF(VLOOKUP($B22,INDIRECT("'GRD-"&BA22&"'!$B:$R"),16,FALSE)="","",VLOOKUP($B22,INDIRECT("'GRD-"&BA22&"'!$B:$R"),16,FALSE))) | BA22: {=IF(AY22="","",IFERROR(OFFSET($BZ$11,0,MATCH($AY22,$CA22:$FV22,0),),""))} | BB22: {=IF(AY22="","",INDIRECT("'GRD-"&BA22&"'!$L$7"))} | BC22: {=IFERROR(OFFSET($BZ$11,ROW($B22)-11,MATCH(BC$10,$CA22:$FV22,0),),"")} | BD22: =IF(BC22="","",IF(VLOOKUP($B22,INDIRECT("'GRD-"&BE22&"'!$B:$R"),16,FALSE)="","",VLOOKUP($B22,INDIRECT("'GRD-"&BE22&"'!$B:$R"),16,FALSE))) | BE22: {=IF(BC22="","",IFERROR(OFFSET($BZ$11,0,MATCH($BC22,$CA22:$FV22,0),),""))} | BF22: {=IF(BC22="","",INDIRECT("'GRD-"&BE22&"'!$L$7"))} | CA22: =IFERROR(VLOOKUP($B22,INDIRECT("'GRD-"&CA$11&"'!B:R"),15,FALSE),"") | CB22: =IFERROR(VLOOKUP($B22,INDIRECT("'GRD-"&CB$11&"'!B:R"),15,FALSE),"") | CC22: =IFERROR(VLOOKUP($B22,INDIRECT("'GRD-"&CC$11&"'!B:R"),15,FALSE),"") | CD22: =IFERROR(VLOOKUP($B22,INDIRECT("'GRD-"&CD$11&"'!B:R"),15,FALSE),"") | CE22: =IFERROR(VLOOKUP($B22,INDIRECT("'GRD-"&CE$11&"'!B:R"),15,FALSE),"") | CF22: =IFERROR(VLOOKUP($B22,INDIRECT("'GRD-"&CF$11&"'!B:R"),15,FALSE),"") | CG22: =IFERROR(VLOOKUP($B22,INDIRECT("'GRD-"&CG$11&"'!B:R"),15,FALSE),"") | CH22: =IFERROR(VLOOKUP($B22,INDIRECT("'GRD-"&CH$11&"'!B:R"),15,FALSE),"") | ... FV22: =IFERROR(VLOOKUP($B22,INDIRECT("'GRD-"&FV$11&"'!B:R"),15,FALSE),"")
D23: =IF(K23="","",MAX($CA23:$FV23)) | E23: {=IF($K23="","",OFFSET($A$1,ROW($B23)-1,11+$D23*4,))} | F23: {=IF($K23="","",OFFSET($A$1,ROW($B23)-1,12+$D23*4,))} | G23: {=IF($K23="","",OFFSET($A$1,ROW($B23)-1,13+$D23*4,))} | J23: =IF(I23="A4",H23/8,IF(I23="A3",H23/4,IF(I23="A2",H23/2,IF(I23="A1",H23/1,IF(I23="A0",H23*2,""))))) | K23: {=IFERROR(OFFSET($BZ$11,ROW($B23)-11,MATCH(K$10,$CA23:$FV23,0),),"")} | L23: =IF(K23="","",IF(VLOOKUP($B23,INDIRECT("'GRD-"&M23&"'!$B:$R"),16,FALSE)="","",VLOOKUP($B23,INDIRECT("'GRD-"&M23&"'!$B:$R"),16,FALSE))) | M23: {=IF(K23="","",IFERROR(OFFSET($BZ$11,0,MATCH($K23,$CA23:$FV23,0),),""))} | N23: {=IF(K23="","",INDIRECT("'GRD-"&M23&"'!$L$7"))} | O23: {=IFERROR(OFFSET($BZ$11,ROW($B23)-11,MATCH(O$10,$CA23:$FV23,0),),"")} | P23: =IF(O23="","",IF(VLOOKUP($B23,INDIRECT("'GRD-"&Q23&"'!$B:$R"),16,FALSE)="","",VLOOKUP($B23,INDIRECT("'GRD-"&Q23&"'!$B:$R"),16,FALSE))) | Q23: {=IF(O23="","",IFERROR(OFFSET($BZ$11,0,MATCH($O23,$CA23:$FV23,0),),""))} | R23: {=IF(O23="","",INDIRECT("'GRD-"&Q23&"'!$L$7"))} | S23: {=IFERROR(OFFSET($BZ$11,ROW($B23)-11,MATCH(S$10,$CA23:$FV23,0),),"")} | T23: =IF(S23="","",IF(VLOOKUP($B23,INDIRECT("'GRD-"&U23&"'!$B:$R"),16,FALSE)="","",VLOOKUP($B23,INDIRECT("'GRD-"&U23&"'!$B:$R"),16,FALSE))) | U23: {=IF(S23="","",IFERROR(OFFSET($BZ$11,0,MATCH($S23,$CA23:$FV23,0),),""))} | V23: {=IF(S23="","",INDIRECT("'GRD-"&U23&"'!$L$7"))} | W23: {=IFERROR(OFFSET($BZ$11,ROW($B23)-11,MATCH(W$10,$CA23:$FV23,0),),"")} | X23: =IF(W23="","",IF(VLOOKUP($B23,INDIRECT("'GRD-"&Y23&"'!$B:$R"),16,FALSE)="","",VLOOKUP($B23,INDIRECT("'GRD-"&Y23&"'!$B:$R"),16,FALSE))) | Y23: {=IF(W23="","",IFERROR(OFFSET($BZ$11,0,MATCH($W23,$CA23:$FV23,0),),""))} | Z23: {=IF(W23="","",INDIRECT("'GRD-"&Y23&"'!$L$7"))} | AA23: {=IFERROR(OFFSET($BZ$11,ROW($B23)-11,MATCH(AA$10,$CA23:$FV23,0),),"")} | AB23: =IF(AA23="","",IF(VLOOKUP($B23,INDIRECT("'GRD-"&AC23&"'!$B:$R"),16,FALSE)="","",VLOOKUP($B23,INDIRECT("'GRD-"&AC23&"'!$B:$R"),16,FALSE))) | AC23: {=IF(AA23="","",IFERROR(OFFSET($BZ$11,0,MATCH($AA23,$CA23:$FV23,0),),""))} | AD23: {=IF(AA23="","",INDIRECT("'GRD-"&AC23&"'!$L$7"))} | AE23: {=IFERROR(OFFSET($BZ$11,ROW($B23)-11,MATCH(AE$10,$CA23:$FV23,0),),"")} | AF23: =IF(AE23="","",IF(VLOOKUP($B23,INDIRECT("'GRD-"&AG23&"'!$B:$R"),16,FALSE)="","",VLOOKUP($B23,INDIRECT("'GRD-"&AG23&"'!$B:$R"),16,FALSE))) | AG23: {=IF(AE23="","",IFERROR(OFFSET($BZ$11,0,MATCH($AE23,$CA23:$FV23,0),),""))} | AH23: {=IF(AE23="","",INDIRECT("'GRD-"&AG23&"'!$L$7"))} | AI23: {=IFERROR(OFFSET($BZ$11,ROW($B23)-11,MATCH(AI$10,$CA23:$FV23,0),),"")} | AJ23: =IF(AI23="","",IF(VLOOKUP($B23,INDIRECT("'GRD-"&AK23&"'!$B:$R"),16,FALSE)="","",VLOOKUP($B23,INDIRECT("'GRD-"&AK23&"'!$B:$R"),16,FALSE))) | AK23: {=IF(AI23="","",IFERROR(OFFSET($BZ$11,0,MATCH($AI23,$CA23:$FV23,0),),""))} | AL23: {=IF(AI23="","",INDIRECT("'GRD-"&AK23&"'!$L$7"))} | AM23: {=IFERROR(OFFSET($BZ$11,ROW($B23)-11,MATCH(AM$10,$CA23:$FV23,0),),"")} | AN23: =IF(AM23="","",IF(VLOOKUP($B23,INDIRECT("'GRD-"&AO23&"'!$B:$R"),16,FALSE)="","",VLOOKUP($B23,INDIRECT("'GRD-"&AO23&"'!$B:$R"),16,FALSE))) | AO23: {=IF(AM23="","",IFERROR(OFFSET($BZ$11,0,MATCH($AM23,$CA23:$FV23,0),),""))} | AP23: {=IF(AM23="","",INDIRECT("'GRD-"&AO23&"'!$L$7"))} | AQ23: {=IFERROR(OFFSET($BZ$11,ROW($B23)-11,MATCH(AQ$10,$CA23:$FV23,0),),"")} | AR23: =IF(AQ23="","",IF(VLOOKUP($B23,INDIRECT("'GRD-"&AS23&"'!$B:$R"),16,FALSE)="","",VLOOKUP($B23,INDIRECT("'GRD-"&AS23&"'!$B:$R"),16,FALSE))) | AS23: {=IF(AQ23="","",IFERROR(OFFSET($BZ$11,0,MATCH($AQ23,$CA23:$FV23,0),),""))} | AT23: {=IF(AQ23="","",INDIRECT("'GRD-"&AS23&"'!$L$7"))} | AU23: {=IFERROR(OFFSET($BZ$11,ROW($B23)-11,MATCH(AU$10,$CA23:$FV23,0),),"")} | AV23: =IF(AU23="","",IF(VLOOKUP($B23,INDIRECT("'GRD-"&AW23&"'!$B:$R"),16,FALSE)="","",VLOOKUP($B23,INDIRECT("'GRD-"&AW23&"'!$B:$R"),16,FALSE))) | AW23: {=IF(AU23="","",IFERROR(OFFSET($BZ$11,0,MATCH($AU23,$CA23:$FV23,0),),""))} | AX23: {=IF(AU23="","",INDIRECT("'GRD-"&AW23&"'!$L$7"))} | AY23: {=IFERROR(OFFSET($BZ$11,ROW($B23)-11,MATCH(AY$10,$CA23:$FV23,0),),"")} | AZ23: =IF(AY23="","",IF(VLOOKUP($B23,INDIRECT("'GRD-"&BA23&"'!$B:$R"),16,FALSE)="","",VLOOKUP($B23,INDIRECT("'GRD-"&BA23&"'!$B:$R"),16,FALSE))) | BA23: {=IF(AY23="","",IFERROR(OFFSET($BZ$11,0,MATCH($AY23,$CA23:$FV23,0),),""))} | BB23: {=IF(AY23="","",INDIRECT("'GRD-"&BA23&"'!$L$7"))} | BC23: {=IFERROR(OFFSET($BZ$11,ROW($B23)-11,MATCH(BC$10,$CA23:$FV23,0),),"")} | BD23: =IF(BC23="","",IF(VLOOKUP($B23,INDIRECT("'GRD-"&BE23&"'!$B:$R"),16,FALSE)="","",VLOOKUP($B23,INDIRECT("'GRD-"&BE23&"'!$B:$R"),16,FALSE))) | BE23: {=IF(BC23="","",IFERROR(OFFSET($BZ$11,0,MATCH($BC23,$CA23:$FV23,0),),""))} | BF23: {=IF(BC23="","",INDIRECT("'GRD-"&BE23&"'!$L$7"))} | CA23: =IFERROR(VLOOKUP($B23,INDIRECT("'GRD-"&CA$11&"'!B:R"),15,FALSE),"") | CB23: =IFERROR(VLOOKUP($B23,INDIRECT("'GRD-"&CB$11&"'!B:R"),15,FALSE),"") | CC23: =IFERROR(VLOOKUP($B23,INDIRECT("'GRD-"&CC$11&"'!B:R"),15,FALSE),"") | CD23: =IFERROR(VLOOKUP($B23,INDIRECT("'GRD-"&CD$11&"'!B:R"),15,FALSE),"") | CE23: =IFERROR(VLOOKUP($B23,INDIRECT("'GRD-"&CE$11&"'!B:R"),15,FALSE),"") | CF23: =IFERROR(VLOOKUP($B23,INDIRECT("'GRD-"&CF$11&"'!B:R"),15,FALSE),"") | CG23: =IFERROR(VLOOKUP($B23,INDIRECT("'GRD-"&CG$11&"'!B:R"),15,FALSE),"") | CH23: =IFERROR(VLOOKUP($B23,INDIRECT("'GRD-"&CH$11&"'!B:R"),15,FALSE),"") | ... FV23: =IFERROR(VLOOKUP($B23,INDIRECT("'GRD-"&FV$11&"'!B:R"),15,FALSE),"")
D24: =IF(K24="","",MAX($CA24:$FV24)) | E24: {=IF($K24="","",OFFSET($A$1,ROW($B24)-1,11+$D24*4,))} | F24: {=IF($K24="","",OFFSET($A$1,ROW($B24)-1,12+$D24*4,))} | G24: {=IF($K24="","",OFFSET($A$1,ROW($B24)-1,13+$D24*4,))} | J24: =IF(I24="A4",H24/8,IF(I24="A3",H24/4,IF(I24="A2",H24/2,IF(I24="A1",H24/1,IF(I24="A0",H24*2,""))))) | K24: {=IFERROR(OFFSET($BZ$11,ROW($B24)-11,MATCH(K$10,$CA24:$FV24,0),),"")} | L24: =IF(K24="","",IF(VLOOKUP($B24,INDIRECT("'GRD-"&M24&"'!$B:$R"),16,FALSE)="","",VLOOKUP($B24,INDIRECT("'GRD-"&M24&"'!$B:$R"),16,FALSE))) | M24: {=IF(K24="","",IFERROR(OFFSET($BZ$11,0,MATCH($K24,$CA24:$FV24,0),),""))} | N24: {=IF(K24="","",INDIRECT("'GRD-"&M24&"'!$L$7"))} | O24: {=IFERROR(OFFSET($BZ$11,ROW($B24)-11,MATCH(O$10,$CA24:$FV24,0),),"")} | P24: =IF(O24="","",IF(VLOOKUP($B24,INDIRECT("'GRD-"&Q24&"'!$B:$R"),16,FALSE)="","",VLOOKUP($B24,INDIRECT("'GRD-"&Q24&"'!$B:$R"),16,FALSE))) | Q24: {=IF(O24="","",IFERROR(OFFSET($BZ$11,0,MATCH($O24,$CA24:$FV24,0),),""))} | R24: {=IF(O24="","",INDIRECT("'GRD-"&Q24&"'!$L$7"))} | S24: {=IFERROR(OFFSET($BZ$11,ROW($B24)-11,MATCH(S$10,$CA24:$FV24,0),),"")} | T24: =IF(S24="","",IF(VLOOKUP($B24,INDIRECT("'GRD-"&U24&"'!$B:$R"),16,FALSE)="","",VLOOKUP($B24,INDIRECT("'GRD-"&U24&"'!$B:$R"),16,FALSE))) | U24: {=IF(S24="","",IFERROR(OFFSET($BZ$11,0,MATCH($S24,$CA24:$FV24,0),),""))} | V24: {=IF(S24="","",INDIRECT("'GRD-"&U24&"'!$L$7"))} | W24: {=IFERROR(OFFSET($BZ$11,ROW($B24)-11,MATCH(W$10,$CA24:$FV24,0),),"")} | X24: =IF(W24="","",IF(VLOOKUP($B24,INDIRECT("'GRD-"&Y24&"'!$B:$R"),16,FALSE)="","",VLOOKUP($B24,INDIRECT("'GRD-"&Y24&"'!$B:$R"),16,FALSE))) | Y24: {=IF(W24="","",IFERROR(OFFSET($BZ$11,0,MATCH($W24,$CA24:$FV24,0),),""))} | Z24: {=IF(W24="","",INDIRECT("'GRD-"&Y24&"'!$L$7"))} | AA24: {=IFERROR(OFFSET($BZ$11,ROW($B24)-11,MATCH(AA$10,$CA24:$FV24,0),),"")} | AB24: =IF(AA24="","",IF(VLOOKUP($B24,INDIRECT("'GRD-"&AC24&"'!$B:$R"),16,FALSE)="","",VLOOKUP($B24,INDIRECT("'GRD-"&AC24&"'!$B:$R"),16,FALSE))) | AC24: {=IF(AA24="","",IFERROR(OFFSET($BZ$11,0,MATCH($AA24,$CA24:$FV24,0),),""))} | AD24: {=IF(AA24="","",INDIRECT("'GRD-"&AC24&"'!$L$7"))} | AE24: {=IFERROR(OFFSET($BZ$11,ROW($B24)-11,MATCH(AE$10,$CA24:$FV24,0),),"")} | AF24: =IF(AE24="","",IF(VLOOKUP($B24,INDIRECT("'GRD-"&AG24&"'!$B:$R"),16,FALSE)="","",VLOOKUP($B24,INDIRECT("'GRD-"&AG24&"'!$B:$R"),16,FALSE))) | AG24: {=IF(AE24="","",IFERROR(OFFSET($BZ$11,0,MATCH($AE24,$CA24:$FV24,0),),""))} | AH24: {=IF(AE24="","",INDIRECT("'GRD-"&AG24&"'!$L$7"))} | AI24: {=IFERROR(OFFSET($BZ$11,ROW($B24)-11,MATCH(AI$10,$CA24:$FV24,0),),"")} | AJ24: =IF(AI24="","",IF(VLOOKUP($B24,INDIRECT("'GRD-"&AK24&"'!$B:$R"),16,FALSE)="","",VLOOKUP($B24,INDIRECT("'GRD-"&AK24&"'!$B:$R"),16,FALSE))) | AK24: {=IF(AI24="","",IFERROR(OFFSET($BZ$11,0,MATCH($AI24,$CA24:$FV24,0),),""))} | AL24: {=IF(AI24="","",INDIRECT("'GRD-"&AK24&"'!$L$7"))} | AM24: {=IFERROR(OFFSET($BZ$11,ROW($B24)-11,MATCH(AM$10,$CA24:$FV24,0),),"")} | AN24: =IF(AM24="","",IF(VLOOKUP($B24,INDIRECT("'GRD-"&AO24&"'!$B:$R"),16,FALSE)="","",VLOOKUP($B24,INDIRECT("'GRD-"&AO24&"'!$B:$R"),16,FALSE))) | AO24: {=IF(AM24="","",IFERROR(OFFSET($BZ$11,0,MATCH($AM24,$CA24:$FV24,0),),""))} | AP24: {=IF(AM24="","",INDIRECT("'GRD-"&AO24&"'!$L$7"))} | AQ24: {=IFERROR(OFFSET($BZ$11,ROW($B24)-11,MATCH(AQ$10,$CA24:$FV24,0),),"")} | AR24: =IF(AQ24="","",IF(VLOOKUP($B24,INDIRECT("'GRD-"&AS24&"'!$B:$R"),16,FALSE)="","",VLOOKUP($B24,INDIRECT("'GRD-"&AS24&"'!$B:$R"),16,FALSE))) | AS24: {=IF(AQ24="","",IFERROR(OFFSET($BZ$11,0,MATCH($AQ24,$CA24:$FV24,0),),""))} | AT24: {=IF(AQ24="","",INDIRECT("'GRD-"&AS24&"'!$L$7"))} | AU24: {=IFERROR(OFFSET($BZ$11,ROW($B24)-11,MATCH(AU$10,$CA24:$FV24,0),),"")} | AV24: =IF(AU24="","",IF(VLOOKUP($B24,INDIRECT("'GRD-"&AW24&"'!$B:$R"),16,FALSE)="","",VLOOKUP($B24,INDIRECT("'GRD-"&AW24&"'!$B:$R"),16,FALSE))) | AW24: {=IF(AU24="","",IFERROR(OFFSET($BZ$11,0,MATCH($AU24,$CA24:$FV24,0),),""))} | AX24: {=IF(AU24="","",INDIRECT("'GRD-"&AW24&"'!$L$7"))} | AY24: {=IFERROR(OFFSET($BZ$11,ROW($B24)-11,MATCH(AY$10,$CA24:$FV24,0),),"")} | AZ24: =IF(AY24="","",IF(VLOOKUP($B24,INDIRECT("'GRD-"&BA24&"'!$B:$R"),16,FALSE)="","",VLOOKUP($B24,INDIRECT("'GRD-"&BA24&"'!$B:$R"),16,FALSE))) | BA24: {=IF(AY24="","",IFERROR(OFFSET($BZ$11,0,MATCH($AY24,$CA24:$FV24,0),),""))} | BB24: {=IF(AY24="","",INDIRECT("'GRD-"&BA24&"'!$L$7"))} | BC24: {=IFERROR(OFFSET($BZ$11,ROW($B24)-11,MATCH(BC$10,$CA24:$FV24,0),),"")} | BD24: =IF(BC24="","",IF(VLOOKUP($B24,INDIRECT("'GRD-"&BE24&"'!$B:$R"),16,FALSE)="","",VLOOKUP($B24,INDIRECT("'GRD-"&BE24&"'!$B:$R"),16,FALSE))) | BE24: {=IF(BC24="","",IFERROR(OFFSET($BZ$11,0,MATCH($BC24,$CA24:$FV24,0),),""))} | BF24: {=IF(BC24="","",INDIRECT("'GRD-"&BE24&"'!$L$7"))} | CA24: =IFERROR(VLOOKUP($B24,INDIRECT("'GRD-"&CA$11&"'!B:R"),15,FALSE),"") | CB24: =IFERROR(VLOOKUP($B24,INDIRECT("'GRD-"&CB$11&"'!B:R"),15,FALSE),"") | CC24: =IFERROR(VLOOKUP($B24,INDIRECT("'GRD-"&CC$11&"'!B:R"),15,FALSE),"") | CD24: =IFERROR(VLOOKUP($B24,INDIRECT("'GRD-"&CD$11&"'!B:R"),15,FALSE),"") | CE24: =IFERROR(VLOOKUP($B24,INDIRECT("'GRD-"&CE$11&"'!B:R"),15,FALSE),"") | CF24: =IFERROR(VLOOKUP($B24,INDIRECT("'GRD-"&CF$11&"'!B:R"),15,FALSE),"") | CG24: =IFERROR(VLOOKUP($B24,INDIRECT("'GRD-"&CG$11&"'!B:R"),15,FALSE),"") | CH24: =IFERROR(VLOOKUP($B24,INDIRECT("'GRD-"&CH$11&"'!B:R"),15,FALSE),"") | ... FV24: =IFERROR(VLOOKUP($B24,INDIRECT("'GRD-"&FV$11&"'!B:R"),15,FALSE),"")
B25: TÍTULO 2 | D25: =IF(K25="","",MAX($CA25:$FV25)) | E25: {=IF($K25="","",OFFSET($A$1,ROW($B25)-1,11+$D25*4,))} | F25: {=IF($K25="","",OFFSET($A$1,ROW($B25)-1,12+$D25*4,))} | G25: {=IF($K25="","",OFFSET($A$1,ROW($B25)-1,13+$D25*4,))} | J25: =IF(I25="A4",H25/8,IF(I25="A3",H25/4,IF(I25="A2",H25/2,IF(I25="A1",H25/1,IF(I25="A0",H25*2,""))))) | K25: {=IFERROR(OFFSET($BZ$11,ROW($B25)-11,MATCH(K$10,$CA25:$FV25,0),),"")} | L25: =IF(K25="","",IF(VLOOKUP($B25,INDIRECT("'GRD-"&M25&"'!$B:$R"),16,FALSE)="","",VLOOKUP($B25,INDIRECT("'GRD-"&M25&"'!$B:$R"),16,FALSE))) | M25: {=IF(K25="","",IFERROR(OFFSET($BZ$11,0,MATCH($K25,$CA25:$FV25,0),),""))} | N25: {=IF(K25="","",INDIRECT("'GRD-"&M25&"'!$L$7"))} | O25: {=IFERROR(OFFSET($BZ$11,ROW($B25)-11,MATCH(O$10,$CA25:$FV25,0),),"")} | P25: =IF(O25="","",IF(VLOOKUP($B25,INDIRECT("'GRD-"&Q25&"'!$B:$R"),16,FALSE)="","",VLOOKUP($B25,INDIRECT("'GRD-"&Q25&"'!$B:$R"),16,FALSE))) | Q25: {=IF(O25="","",IFERROR(OFFSET($BZ$11,0,MATCH($O25,$CA25:$FV25,0),),""))} | R25: {=IF(O25="","",INDIRECT("'GRD-"&Q25&"'!$L$7"))} | S25: {=IFERROR(OFFSET($BZ$11,ROW($B25)-11,MATCH(S$10,$CA25:$FV25,0),),"")} | T25: =IF(S25="","",IF(VLOOKUP($B25,INDIRECT("'GRD-"&U25&"'!$B:$R"),16,FALSE)="","",VLOOKUP($B25,INDIRECT("'GRD-"&U25&"'!$B:$R"),16,FALSE))) | U25: {=IF(S25="","",IFERROR(OFFSET($BZ$11,0,MATCH($S25,$CA25:$FV25,0),),""))} | V25: {=IF(S25="","",INDIRECT("'GRD-"&U25&"'!$L$7"))} | W25: {=IFERROR(OFFSET($BZ$11,ROW($B25)-11,MATCH(W$10,$CA25:$FV25,0),),"")} | X25: =IF(W25="","",IF(VLOOKUP($B25,INDIRECT("'GRD-"&Y25&"'!$B:$R"),16,FALSE)="","",VLOOKUP($B25,INDIRECT("'GRD-"&Y25&"'!$B:$R"),16,FALSE))) | Y25: {=IF(W25="","",IFERROR(OFFSET($BZ$11,0,MATCH($W25,$CA25:$FV25,0),),""))} | Z25: {=IF(W25="","",INDIRECT("'GRD-"&Y25&"'!$L$7"))} | AA25: {=IFERROR(OFFSET($BZ$11,ROW($B25)-11,MATCH(AA$10,$CA25:$FV25,0),),"")} | AB25: =IF(AA25="","",IF(VLOOKUP($B25,INDIRECT("'GRD-"&AC25&"'!$B:$R"),16,FALSE)="","",VLOOKUP($B25,INDIRECT("'GRD-"&AC25&"'!$B:$R"),16,FALSE))) | AC25: {=IF(AA25="","",IFERROR(OFFSET($BZ$11,0,MATCH($AA25,$CA25:$FV25,0),),""))} | AD25: {=IF(AA25="","",INDIRECT("'GRD-"&AC25&"'!$L$7"))} | AE25: {=IFERROR(OFFSET($BZ$11,ROW($B25)-11,MATCH(AE$10,$CA25:$FV25,0),),"")} | AF25: =IF(AE25="","",IF(VLOOKUP($B25,INDIRECT("'GRD-"&AG25&"'!$B:$R"),16,FALSE)="","",VLOOKUP($B25,INDIRECT("'GRD-"&AG25&"'!$B:$R"),16,FALSE))) | AG25: {=IF(AE25="","",IFERROR(OFFSET($BZ$11,0,MATCH($AE25,$CA25:$FV25,0),),""))} | AH25: {=IF(AE25="","",INDIRECT("'GRD-"&AG25&"'!$L$7"))} | AI25: {=IFERROR(OFFSET($BZ$11,ROW($B25)-11,MATCH(AI$10,$CA25:$FV25,0),),"")} | AJ25: =IF(AI25="","",IF(VLOOKUP($B25,INDIRECT("'GRD-"&AK25&"'!$B:$R"),16,FALSE)="","",VLOOKUP($B25,INDIRECT("'GRD-"&AK25&"'!$B:$R"),16,FALSE))) | AK25: {=IF(AI25="","",IFERROR(OFFSET($BZ$11,0,MATCH($AI25,$CA25:$FV25,0),),""))} | AL25: {=IF(AI25="","",INDIRECT("'GRD-"&AK25&"'!$L$7"))} | AM25: {=IFERROR(OFFSET($BZ$11,ROW($B25)-11,MATCH(AM$10,$CA25:$FV25,0),),"")} | AN25: =IF(AM25="","",IF(VLOOKUP($B25,INDIRECT("'GRD-"&AO25&"'!$B:$R"),16,FALSE)="","",VLOOKUP($B25,INDIRECT("'GRD-"&AO25&"'!$B:$R"),16,FALSE))) | AO25: {=IF(AM25="","",IFERROR(OFFSET($BZ$11,0,MATCH($AM25,$CA25:$FV25,0),),""))} | AP25: {=IF(AM25="","",INDIRECT("'GRD-"&AO25&"'!$L$7"))} | AQ25: {=IFERROR(OFFSET($BZ$11,ROW($B25)-11,MATCH(AQ$10,$CA25:$FV25,0),),"")} | AR25: =IF(AQ25="","",IF(VLOOKUP($B25,INDIRECT("'GRD-"&AS25&"'!$B:$R"),16,FALSE)="","",VLOOKUP($B25,INDIRECT("'GRD-"&AS25&"'!$B:$R"),16,FALSE))) | AS25: {=IF(AQ25="","",IFERROR(OFFSET($BZ$11,0,MATCH($AQ25,$CA25:$FV25,0),),""))} | AT25: {=IF(AQ25="","",INDIRECT("'GRD-"&AS25&"'!$L$7"))} | AU25: {=IFERROR(OFFSET($BZ$11,ROW($B25)-11,MATCH(AU$10,$CA25:$FV25,0),),"")} | AV25: =IF(AU25="","",IF(VLOOKUP($B25,INDIRECT("'GRD-"&AW25&"'!$B:$R"),16,FALSE)="","",VLOOKUP($B25,INDIRECT("'GRD-"&AW25&"'!$B:$R"),16,FALSE))) | AW25: {=IF(AU25="","",IFERROR(OFFSET($BZ$11,0,MATCH($AU25,$CA25:$FV25,0),),""))} | AX25: {=IF(AU25="","",INDIRECT("'GRD-"&AW25&"'!$L$7"))} | AY25: {=IFERROR(OFFSET($BZ$11,ROW($B25)-11,MATCH(AY$10,$CA25:$FV25,0),),"")} | AZ25: =IF(AY25="","",IF(VLOOKUP($B25,INDIRECT("'GRD-"&BA25&"'!$B:$R"),16,FALSE)="","",VLOOKUP($B25,INDIRECT("'GRD-"&BA25&"'!$B:$R"),16,FALSE))) | BA25: {=IF(AY25="","",IFERROR(OFFSET($BZ$11,0,MATCH($AY25,$CA25:$FV25,0),),""))} | BB25: {=IF(AY25="","",INDIRECT("'GRD-"&BA25&"'!$L$7"))} | BC25: {=IFERROR(OFFSET($BZ$11,ROW($B25)-11,MATCH(BC$10,$CA25:$FV25,0),),"")} | BD25: =IF(BC25="","",IF(VLOOKUP($B25,INDIRECT("'GRD-"&BE25&"'!$B:$R"),16,FALSE)="","",VLOOKUP($B25,INDIRECT("'GRD-"&BE25&"'!$B:$R"),16,FALSE))) | BE25: {=IF(BC25="","",IFERROR(OFFSET($BZ$11,0,MATCH($BC25,$CA25:$FV25,0),),""))} | BF25: {=IF(BC25="","",INDIRECT("'GRD-"&BE25&"'!$L$7"))} | CA25: =IFERROR(VLOOKUP($B25,INDIRECT("'GRD-"&CA$11&"'!B:R"),15,FALSE),"") | CB25: =IFERROR(VLOOKUP($B25,INDIRECT("'GRD-"&CB$11&"'!B:R"),15,FALSE),"") | CC25: =IFERROR(VLOOKUP($B25,INDIRECT("'GRD-"&CC$11&"'!B:R"),15,FALSE),"") | CD25: =IFERROR(VLOOKUP($B25,INDIRECT("'GRD-"&CD$11&"'!B:R"),15,FALSE),"") | CE25: =IFERROR(VLOOKUP($B25,INDIRECT("'GRD-"&CE$11&"'!B:R"),15,FALSE),"") | CF25: =IFERROR(VLOOKUP($B25,INDIRECT("'GRD-"&CF$11&"'!B:R"),15,FALSE),"") | CG25: =IFERROR(VLOOKUP($B25,INDIRECT("'GRD-"&CG$11&"'!B:R"),15,FALSE),"") | CH25: =IFERROR(VLOOKUP($B25,INDIRECT("'GRD-"&CH$11&"'!B:R"),15,FALSE),"") | ... FV25: =IFERROR(VLOOKUP($B25,INDIRECT("'GRD-"&FV$11&"'!B:R"),15,FALSE),"")
D26: =IF(K26="","",MAX($CA26:$FV26)) | E26: {=IF($K26="","",OFFSET($A$1,ROW($B26)-1,11+$D26*4,))} | F26: {=IF($K26="","",OFFSET($A$1,ROW($B26)-1,12+$D26*4,))} | G26: {=IF($K26="","",OFFSET($A$1,ROW($B26)-1,13+$D26*4,))} | J26: =IF(I26="A4",H26/8,IF(I26="A3",H26/4,IF(I26="A2",H26/2,IF(I26="A1",H26/1,IF(I26="A0",H26*2,""))))) | K26: {=IFERROR(OFFSET($BZ$11,ROW($B26)-11,MATCH(K$10,$CA26:$FV26,0),),"")} | L26: =IF(K26="","",IF(VLOOKUP($B26,INDIRECT("'GRD-"&M26&"'!$B:$R"),16,FALSE)="","",VLOOKUP($B26,INDIRECT("'GRD-"&M26&"'!$B:$R"),16,FALSE))) | M26: {=IF(K26="","",IFERROR(OFFSET($BZ$11,0,MATCH($K26,$CA26:$FV26,0),),""))} | N26: {=IF(K26="","",INDIRECT("'GRD-"&M26&"'!$L$7"))} | O26: {=IFERROR(OFFSET($BZ$11,ROW($B26)-11,MATCH(O$10,$CA26:$FV26,0),),"")} | P26: =IF(O26="","",IF(VLOOKUP($B26,INDIRECT("'GRD-"&Q26&"'!$B:$R"),16,FALSE)="","",VLOOKUP($B26,INDIRECT("'GRD-"&Q26&"'!$B:$R"),16,FALSE))) | Q26: {=IF(O26="","",IFERROR(OFFSET($BZ$11,0,MATCH($O26,$CA26:$FV26,0),),""))} | R26: {=IF(O26="","",INDIRECT("'GRD-"&Q26&"'!$L$7"))} | S26: {=IFERROR(OFFSET($BZ$11,ROW($B26)-11,MATCH(S$10,$CA26:$FV26,0),),"")} | T26: =IF(S26="","",IF(VLOOKUP($B26,INDIRECT("'GRD-"&U26&"'!$B:$R"),16,FALSE)="","",VLOOKUP($B26,INDIRECT("'GRD-"&U26&"'!$B:$R"),16,FALSE))) | U26: {=IF(S26="","",IFERROR(OFFSET($BZ$11,0,MATCH($S26,$CA26:$FV26,0),),""))} | V26: {=IF(S26="","",INDIRECT("'GRD-"&U26&"'!$L$7"))} | W26: {=IFERROR(OFFSET($BZ$11,ROW($B26)-11,MATCH(W$10,$CA26:$FV26,0),),"")} | X26: =IF(W26="","",IF(VLOOKUP($B26,INDIRECT("'GRD-"&Y26&"'!$B:$R"),16,FALSE)="","",VLOOKUP($B26,INDIRECT("'GRD-"&Y26&"'!$B:$R"),16,FALSE))) | Y26: {=IF(W26="","",IFERROR(OFFSET($BZ$11,0,MATCH($W26,$CA26:$FV26,0),),""))} | Z26: {=IF(W26="","",INDIRECT("'GRD-"&Y26&"'!$L$7"))} | AA26: {=IFERROR(OFFSET($BZ$11,ROW($B26)-11,MATCH(AA$10,$CA26:$FV26,0),),"")} | AB26: =IF(AA26="","",IF(VLOOKUP($B26,INDIRECT("'GRD-"&AC26&"'!$B:$R"),16,FALSE)="","",VLOOKUP($B26,INDIRECT("'GRD-"&AC26&"'!$B:$R"),16,FALSE))) | AC26: {=IF(AA26="","",IFERROR(OFFSET($BZ$11,0,MATCH($AA26,$CA26:$FV26,0),),""))} | AD26: {=IF(AA26="","",INDIRECT("'GRD-"&AC26&"'!$L$7"))} | AE26: {=IFERROR(OFFSET($BZ$11,ROW($B26)-11,MATCH(AE$10,$CA26:$FV26,0),),"")} | AF26: =IF(AE26="","",IF(VLOOKUP($B26,INDIRECT("'GRD-"&AG26&"'!$B:$R"),16,FALSE)="","",VLOOKUP($B26,INDIRECT("'GRD-"&AG26&"'!$B:$R"),16,FALSE))) | AG26: {=IF(AE26="","",IFERROR(OFFSET($BZ$11,0,MATCH($AE26,$CA26:$FV26,0),),""))} | AH26: {=IF(AE26="","",INDIRECT("'GRD-"&AG26&"'!$L$7"))} | AI26: {=IFERROR(OFFSET($BZ$11,ROW($B26)-11,MATCH(AI$10,$CA26:$FV26,0),),"")} | AJ26: =IF(AI26="","",IF(VLOOKUP($B26,INDIRECT("'GRD-"&AK26&"'!$B:$R"),16,FALSE)="","",VLOOKUP($B26,INDIRECT("'GRD-"&AK26&"'!$B:$R"),16,FALSE))) | AK26: {=IF(AI26="","",IFERROR(OFFSET($BZ$11,0,MATCH($AI26,$CA26:$FV26,0),),""))} | AL26: {=IF(AI26="","",INDIRECT("'GRD-"&AK26&"'!$L$7"))} | AM26: {=IFERROR(OFFSET($BZ$11,ROW($B26)-11,MATCH(AM$10,$CA26:$FV26,0),),"")} | AN26: =IF(AM26="","",IF(VLOOKUP($B26,INDIRECT("'GRD-"&AO26&"'!$B:$R"),16,FALSE)="","",VLOOKUP($B26,INDIRECT("'GRD-"&AO26&"'!$B:$R"),16,FALSE))) | AO26: {=IF(AM26="","",IFERROR(OFFSET($BZ$11,0,MATCH($AM26,$CA26:$FV26,0),),""))} | AP26: {=IF(AM26="","",INDIRECT("'GRD-"&AO26&"'!$L$7"))} | AQ26: {=IFERROR(OFFSET($BZ$11,ROW($B26)-11,MATCH(AQ$10,$CA26:$FV26,0),),"")} | AR26: =IF(AQ26="","",IF(VLOOKUP($B26,INDIRECT("'GRD-"&AS26&"'!$B:$R"),16,FALSE)="","",VLOOKUP($B26,INDIRECT("'GRD-"&AS26&"'!$B:$R"),16,FALSE))) | AS26: {=IF(AQ26="","",IFERROR(OFFSET($BZ$11,0,MATCH($AQ26,$CA26:$FV26,0),),""))} | AT26: {=IF(AQ26="","",INDIRECT("'GRD-"&AS26&"'!$L$7"))} | AU26: {=IFERROR(OFFSET($BZ$11,ROW($B26)-11,MATCH(AU$10,$CA26:$FV26,0),),"")} | AV26: =IF(AU26="","",IF(VLOOKUP($B26,INDIRECT("'GRD-"&AW26&"'!$B:$R"),16,FALSE)="","",VLOOKUP($B26,INDIRECT("'GRD-"&AW26&"'!$B:$R"),16,FALSE))) | AW26: {=IF(AU26="","",IFERROR(OFFSET($BZ$11,0,MATCH($AU26,$CA26:$FV26,0),),""))} | AX26: {=IF(AU26="","",INDIRECT("'GRD-"&AW26&"'!$L$7"))} | AY26: {=IFERROR(OFFSET($BZ$11,ROW($B26)-11,MATCH(AY$10,$CA26:$FV26,0),),"")} | AZ26: =IF(AY26="","",IF(VLOOKUP($B26,INDIRECT("'GRD-"&BA26&"'!$B:$R"),16,FALSE)="","",VLOOKUP($B26,INDIRECT("'GRD-"&BA26&"'!$B:$R"),16,FALSE))) | BA26: {=IF(AY26="","",IFERROR(OFFSET($BZ$11,0,MATCH($AY26,$CA26:$FV26,0),),""))} | BB26: {=IF(AY26="","",INDIRECT("'GRD-"&BA26&"'!$L$7"))} | BC26: {=IFERROR(OFFSET($BZ$11,ROW($B26)-11,MATCH(BC$10,$CA26:$FV26,0),),"")} | BD26: =IF(BC26="","",IF(VLOOKUP($B26,INDIRECT("'GRD-"&BE26&"'!$B:$R"),16,FALSE)="","",VLOOKUP($B26,INDIRECT("'GRD-"&BE26&"'!$B:$R"),16,FALSE))) | BE26: {=IF(BC26="","",IFERROR(OFFSET($BZ$11,0,MATCH($BC26,$CA26:$FV26,0),),""))} | BF26: {=IF(BC26="","",INDIRECT("'GRD-"&BE26&"'!$L$7"))} | CA26: =IFERROR(VLOOKUP($B26,INDIRECT("'GRD-"&CA$11&"'!B:R"),15,FALSE),"") | CB26: =IFERROR(VLOOKUP($B26,INDIRECT("'GRD-"&CB$11&"'!B:R"),15,FALSE),"") | CC26: =IFERROR(VLOOKUP($B26,INDIRECT("'GRD-"&CC$11&"'!B:R"),15,FALSE),"") | CD26: =IFERROR(VLOOKUP($B26,INDIRECT("'GRD-"&CD$11&"'!B:R"),15,FALSE),"") | CE26: =IFERROR(VLOOKUP($B26,INDIRECT("'GRD-"&CE$11&"'!B:R"),15,FALSE),"") | CF26: =IFERROR(VLOOKUP($B26,INDIRECT("'GRD-"&CF$11&"'!B:R"),15,FALSE),"") | CG26: =IFERROR(VLOOKUP($B26,INDIRECT("'GRD-"&CG$11&"'!B:R"),15,FALSE),"") | CH26: =IFERROR(VLOOKUP($B26,INDIRECT("'GRD-"&CH$11&"'!B:R"),15,FALSE),"") | ... FV26: =IFERROR(VLOOKUP($B26,INDIRECT("'GRD-"&FV$11&"'!B:R"),15,FALSE),"")
D27: =IF(K27="","",MAX($CA27:$FV27)) | E27: {=IF($K27="","",OFFSET($A$1,ROW($B27)-1,11+$D27*4,))} | F27: {=IF($K27="","",OFFSET($A$1,ROW($B27)-1,12+$D27*4,))} | G27: {=IF($K27="","",OFFSET($A$1,ROW($B27)-1,13+$D27*4,))} | J27: =IF(I27="A4",H27/8,IF(I27="A3",H27/4,IF(I27="A2",H27/2,IF(I27="A1",H27/1,IF(I27="A0",H27*2,""))))) | K27: {=IFERROR(OFFSET($BZ$11,ROW($B27)-11,MATCH(K$10,$CA27:$FV27,0),),"")} | L27: =IF(K27="","",IF(VLOOKUP($B27,INDIRECT("'GRD-"&M27&"'!$B:$R"),16,FALSE)="","",VLOOKUP($B27,INDIRECT("'GRD-"&M27&"'!$B:$R"),16,FALSE))) | M27: {=IF(K27="","",IFERROR(OFFSET($BZ$11,0,MATCH($K27,$CA27:$FV27,0),),""))} | N27: {=IF(K27="","",INDIRECT("'GRD-"&M27&"'!$L$7"))} | O27: {=IFERROR(OFFSET($BZ$11,ROW($B27)-11,MATCH(O$10,$CA27:$FV27,0),),"")} | P27: =IF(O27="","",IF(VLOOKUP($B27,INDIRECT("'GRD-"&Q27&"'!$B:$R"),16,FALSE)="","",VLOOKUP($B27,INDIRECT("'GRD-"&Q27&"'!$B:$R"),16,FALSE))) | Q27: {=IF(O27="","",IFERROR(OFFSET($BZ$11,0,MATCH($O27,$CA27:$FV27,0),),""))} | R27: {=IF(O27="","",INDIRECT("'GRD-"&Q27&"'!$L$7"))} | S27: {=IFERROR(OFFSET($BZ$11,ROW($B27)-11,MATCH(S$10,$CA27:$FV27,0),),"")} | T27: =IF(S27="","",IF(VLOOKUP($B27,INDIRECT("'GRD-"&U27&"'!$B:$R"),16,FALSE)="","",VLOOKUP($B27,INDIRECT("'GRD-"&U27&"'!$B:$R"),16,FALSE))) | U27: {=IF(S27="","",IFERROR(OFFSET($BZ$11,0,MATCH($S27,$CA27:$FV27,0),),""))} | V27: {=IF(S27="","",INDIRECT("'GRD-"&U27&"'!$L$7"))} | W27: {=IFERROR(OFFSET($BZ$11,ROW($B27)-11,MATCH(W$10,$CA27:$FV27,0),),"")} | X27: =IF(W27="","",IF(VLOOKUP($B27,INDIRECT("'GRD-"&Y27&"'!$B:$R"),16,FALSE)="","",VLOOKUP($B27,INDIRECT("'GRD-"&Y27&"'!$B:$R"),16,FALSE))) | Y27: {=IF(W27="","",IFERROR(OFFSET($BZ$11,0,MATCH($W27,$CA27:$FV27,0),),""))} | Z27: {=IF(W27="","",INDIRECT("'GRD-"&Y27&"'!$L$7"))} | AA27: {=IFERROR(OFFSET($BZ$11,ROW($B27)-11,MATCH(AA$10,$CA27:$FV27,0),),"")} | AB27: =IF(AA27="","",IF(VLOOKUP($B27,INDIRECT("'GRD-"&AC27&"'!$B:$R"),16,FALSE)="","",VLOOKUP($B27,INDIRECT("'GRD-"&AC27&"'!$B:$R"),16,FALSE))) | AC27: {=IF(AA27="","",IFERROR(OFFSET($BZ$11,0,MATCH($AA27,$CA27:$FV27,0),),""))} | AD27: {=IF(AA27="","",INDIRECT("'GRD-"&AC27&"'!$L$7"))} | AE27: {=IFERROR(OFFSET($BZ$11,ROW($B27)-11,MATCH(AE$10,$CA27:$FV27,0),),"")} | AF27: =IF(AE27="","",IF(VLOOKUP($B27,INDIRECT("'GRD-"&AG27&"'!$B:$R"),16,FALSE)="","",VLOOKUP($B27,INDIRECT("'GRD-"&AG27&"'!$B:$R"),16,FALSE))) | AG27: {=IF(AE27="","",IFERROR(OFFSET($BZ$11,0,MATCH($AE27,$CA27:$FV27,0),),""))} | AH27: {=IF(AE27="","",INDIRECT("'GRD-"&AG27&"'!$L$7"))} | AI27: {=IFERROR(OFFSET($BZ$11,ROW($B27)-11,MATCH(AI$10,$CA27:$FV27,0),),"")} | AJ27: =IF(AI27="","",IF(VLOOKUP($B27,INDIRECT("'GRD-"&AK27&"'!$B:$R"),16,FALSE)="","",VLOOKUP($B27,INDIRECT("'GRD-"&AK27&"'!$B:$R"),16,FALSE))) | AK27: {=IF(AI27="","",IFERROR(OFFSET($BZ$11,0,MATCH($AI27,$CA27:$FV27,0),),""))} | AL27: {=IF(AI27="","",INDIRECT("'GRD-"&AK27&"'!$L$7"))} | AM27: {=IFERROR(OFFSET($BZ$11,ROW($B27)-11,MATCH(AM$10,$CA27:$FV27,0),),"")} | AN27: =IF(AM27="","",IF(VLOOKUP($B27,INDIRECT("'GRD-"&AO27&"'!$B:$R"),16,FALSE)="","",VLOOKUP($B27,INDIRECT("'GRD-"&AO27&"'!$B:$R"),16,FALSE))) | AO27: {=IF(AM27="","",IFERROR(OFFSET($BZ$11,0,MATCH($AM27,$CA27:$FV27,0),),""))} | AP27: {=IF(AM27="","",INDIRECT("'GRD-"&AO27&"'!$L$7"))} | AQ27: {=IFERROR(OFFSET($BZ$11,ROW($B27)-11,MATCH(AQ$10,$CA27:$FV27,0),),"")} | AR27: =IF(AQ27="","",IF(VLOOKUP($B27,INDIRECT("'GRD-"&AS27&"'!$B:$R"),16,FALSE)="","",VLOOKUP($B27,INDIRECT("'GRD-"&AS27&"'!$B:$R"),16,FALSE))) | AS27: {=IF(AQ27="","",IFERROR(OFFSET($BZ$11,0,MATCH($AQ27,$CA27:$FV27,0),),""))} | AT27: {=IF(AQ27="","",INDIRECT("'GRD-"&AS27&"'!$L$7"))} | AU27: {=IFERROR(OFFSET($BZ$11,ROW($B27)-11,MATCH(AU$10,$CA27:$FV27,0),),"")} | AV27: =IF(AU27="","",IF(VLOOKUP($B27,INDIRECT("'GRD-"&AW27&"'!$B:$R"),16,FALSE)="","",VLOOKUP($B27,INDIRECT("'GRD-"&AW27&"'!$B:$R"),16,FALSE))) | AW27: {=IF(AU27="","",IFERROR(OFFSET($BZ$11,0,MATCH($AU27,$CA27:$FV27,0),),""))} | AX27: {=IF(AU27="","",INDIRECT("'GRD-"&AW27&"'!$L$7"))} | AY27: {=IFERROR(OFFSET($BZ$11,ROW($B27)-11,MATCH(AY$10,$CA27:$FV27,0),),"")} | AZ27: =IF(AY27="","",IF(VLOOKUP($B27,INDIRECT("'GRD-"&BA27&"'!$B:$R"),16,FALSE)="","",VLOOKUP($B27,INDIRECT("'GRD-"&BA27&"'!$B:$R"),16,FALSE))) | BA27: {=IF(AY27="","",IFERROR(OFFSET($BZ$11,0,MATCH($AY27,$CA27:$FV27,0),),""))} | BB27: {=IF(AY27="","",INDIRECT("'GRD-"&BA27&"'!$L$7"))} | BC27: {=IFERROR(OFFSET($BZ$11,ROW($B27)-11,MATCH(BC$10,$CA27:$FV27,0),),"")} | BD27: =IF(BC27="","",IF(VLOOKUP($B27,INDIRECT("'GRD-"&BE27&"'!$B:$R"),16,FALSE)="","",VLOOKUP($B27,INDIRECT("'GRD-"&BE27&"'!$B:$R"),16,FALSE))) | BE27: {=IF(BC27="","",IFERROR(OFFSET($BZ$11,0,MATCH($BC27,$CA27:$FV27,0),),""))} | BF27: {=IF(BC27="","",INDIRECT("'GRD-"&BE27&"'!$L$7"))} | CA27: =IFERROR(VLOOKUP($B27,INDIRECT("'GRD-"&CA$11&"'!B:R"),15,FALSE),"") | CB27: =IFERROR(VLOOKUP($B27,INDIRECT("'GRD-"&CB$11&"'!B:R"),15,FALSE),"") | CC27: =IFERROR(VLOOKUP($B27,INDIRECT("'GRD-"&CC$11&"'!B:R"),15,FALSE),"") | CD27: =IFERROR(VLOOKUP($B27,INDIRECT("'GRD-"&CD$11&"'!B:R"),15,FALSE),"") | CE27: =IFERROR(VLOOKUP($B27,INDIRECT("'GRD-"&CE$11&"'!B:R"),15,FALSE),"") | CF27: =IFERROR(VLOOKUP($B27,INDIRECT("'GRD-"&CF$11&"'!B:R"),15,FALSE),"") | CG27: =IFERROR(VLOOKUP($B27,INDIRECT("'GRD-"&CG$11&"'!B:R"),15,FALSE),"") | CH27: =IFERROR(VLOOKUP($B27,INDIRECT("'GRD-"&CH$11&"'!B:R"),15,FALSE),"") | ... FV27: =IFERROR(VLOOKUP($B27,INDIRECT("'GRD-"&FV$11&"'!B:R"),15,FALSE),"")
D28: =IF(K28="","",MAX($CA28:$FV28)) | E28: {=IF($K28="","",OFFSET($A$1,ROW($B28)-1,11+$D28*4,))} | F28: {=IF($K28="","",OFFSET($A$1,ROW($B28)-1,12+$D28*4,))} | G28: {=IF($K28="","",OFFSET($A$1,ROW($B28)-1,13+$D28*4,))} | J28: =IF(I28="A4",H28/8,IF(I28="A3",H28/4,IF(I28="A2",H28/2,IF(I28="A1",H28/1,IF(I28="A0",H28*2,""))))) | K28: {=IFERROR(OFFSET($BZ$11,ROW($B28)-11,MATCH(K$10,$CA28:$FV28,0),),"")} | L28: =IF(K28="","",IF(VLOOKUP($B28,INDIRECT("'GRD-"&M28&"'!$B:$R"),16,FALSE)="","",VLOOKUP($B28,INDIRECT("'GRD-"&M28&"'!$B:$R"),16,FALSE))) | M28: {=IF(K28="","",IFERROR(OFFSET($BZ$11,0,MATCH($K28,$CA28:$FV28,0),),""))} | N28: {=IF(K28="","",INDIRECT("'GRD-"&M28&"'!$L$7"))} | O28: {=IFERROR(OFFSET($BZ$11,ROW($B28)-11,MATCH(O$10,$CA28:$FV28,0),),"")} | P28: =IF(O28="","",IF(VLOOKUP($B28,INDIRECT("'GRD-"&Q28&"'!$B:$R"),16,FALSE)="","",VLOOKUP($B28,INDIRECT("'GRD-"&Q28&"'!$B:$R"),16,FALSE))) | Q28: {=IF(O28="","",IFERROR(OFFSET($BZ$11,0,MATCH($O28,$CA28:$FV28,0),),""))} | R28: {=IF(O28="","",INDIRECT("'GRD-"&Q28&"'!$L$7"))} | S28: {=IFERROR(OFFSET($BZ$11,ROW($B28)-11,MATCH(S$10,$CA28:$FV28,0),),"")} | T28: =IF(S28="","",IF(VLOOKUP($B28,INDIRECT("'GRD-"&U28&"'!$B:$R"),16,FALSE)="","",VLOOKUP($B28,INDIRECT("'GRD-"&U28&"'!$B:$R"),16,FALSE))) | U28: {=IF(S28="","",IFERROR(OFFSET($BZ$11,0,MATCH($S28,$CA28:$FV28,0),),""))} | V28: {=IF(S28="","",INDIRECT("'GRD-"&U28&"'!$L$7"))} | W28: {=IFERROR(OFFSET($BZ$11,ROW($B28)-11,MATCH(W$10,$CA28:$FV28,0),),"")} | X28: =IF(W28="","",IF(VLOOKUP($B28,INDIRECT("'GRD-"&Y28&"'!$B:$R"),16,FALSE)="","",VLOOKUP($B28,INDIRECT("'GRD-"&Y28&"'!$B:$R"),16,FALSE))) | Y28: {=IF(W28="","",IFERROR(OFFSET($BZ$11,0,MATCH($W28,$CA28:$FV28,0),),""))} | Z28: {=IF(W28="","",INDIRECT("'GRD-"&Y28&"'!$L$7"))} | AA28: {=IFERROR(OFFSET($BZ$11,ROW($B28)-11,MATCH(AA$10,$CA28:$FV28,0),),"")} | AB28: =IF(AA28="","",IF(VLOOKUP($B28,INDIRECT("'GRD-"&AC28&"'!$B:$R"),16,FALSE)="","",VLOOKUP($B28,INDIRECT("'GRD-"&AC28&"'!$B:$R"),16,FALSE))) | AC28: {=IF(AA28="","",IFERROR(OFFSET($BZ$11,0,MATCH($AA28,$CA28:$FV28,0),),""))} | AD28: {=IF(AA28="","",INDIRECT("'GRD-"&AC28&"'!$L$7"))} | AE28: {=IFERROR(OFFSET($BZ$11,ROW($B28)-11,MATCH(AE$10,$CA28:$FV28,0),),"")} | AF28: =IF(AE28="","",IF(VLOOKUP($B28,INDIRECT("'GRD-"&AG28&"'!$B:$R"),16,FALSE)="","",VLOOKUP($B28,INDIRECT("'GRD-"&AG28&"'!$B:$R"),16,FALSE))) | AG28: {=IF(AE28="","",IFERROR(OFFSET($BZ$11,0,MATCH($AE28,$CA28:$FV28,0),),""))} | AH28: {=IF(AE28="","",INDIRECT("'GRD-"&AG28&"'!$L$7"))} | AI28: {=IFERROR(OFFSET($BZ$11,ROW($B28)-11,MATCH(AI$10,$CA28:$FV28,0),),"")} | AJ28: =IF(AI28="","",IF(VLOOKUP($B28,INDIRECT("'GRD-"&AK28&"'!$B:$R"),16,FALSE)="","",VLOOKUP($B28,INDIRECT("'GRD-"&AK28&"'!$B:$R"),16,FALSE))) | AK28: {=IF(AI28="","",IFERROR(OFFSET($BZ$11,0,MATCH($AI28,$CA28:$FV28,0),),""))} | AL28: {=IF(AI28="","",INDIRECT("'GRD-"&AK28&"'!$L$7"))} | AM28: {=IFERROR(OFFSET($BZ$11,ROW($B28)-11,MATCH(AM$10,$CA28:$FV28,0),),"")} | AN28: =IF(AM28="","",IF(VLOOKUP($B28,INDIRECT("'GRD-"&AO28&"'!$B:$R"),16,FALSE)="","",VLOOKUP($B28,INDIRECT("'GRD-"&AO28&"'!$B:$R"),16,FALSE))) | AO28: {=IF(AM28="","",IFERROR(OFFSET($BZ$11,0,MATCH($AM28,$CA28:$FV28,0),),""))} | AP28: {=IF(AM28="","",INDIRECT("'GRD-"&AO28&"'!$L$7"))} | AQ28: {=IFERROR(OFFSET($BZ$11,ROW($B28)-11,MATCH(AQ$10,$CA28:$FV28,0),),"")} | AR28: =IF(AQ28="","",IF(VLOOKUP($B28,INDIRECT("'GRD-"&AS28&"'!$B:$R"),16,FALSE)="","",VLOOKUP($B28,INDIRECT("'GRD-"&AS28&"'!$B:$R"),16,FALSE))) | AS28: {=IF(AQ28="","",IFERROR(OFFSET($BZ$11,0,MATCH($AQ28,$CA28:$FV28,0),),""))} | AT28: {=IF(AQ28="","",INDIRECT("'GRD-"&AS28&"'!$L$7"))} | AU28: {=IFERROR(OFFSET($BZ$11,ROW($B28)-11,MATCH(AU$10,$CA28:$FV28,0),),"")} | AV28: =IF(AU28="","",IF(VLOOKUP($B28,INDIRECT("'GRD-"&AW28&"'!$B:$R"),16,FALSE)="","",VLOOKUP($B28,INDIRECT("'GRD-"&AW28&"'!$B:$R"),16,FALSE))) | AW28: {=IF(AU28="","",IFERROR(OFFSET($BZ$11,0,MATCH($AU28,$CA28:$FV28,0),),""))} | AX28: {=IF(AU28="","",INDIRECT("'GRD-"&AW28&"'!$L$7"))} | AY28: {=IFERROR(OFFSET($BZ$11,ROW($B28)-11,MATCH(AY$10,$CA28:$FV28,0),),"")} | AZ28: =IF(AY28="","",IF(VLOOKUP($B28,INDIRECT("'GRD-"&BA28&"'!$B:$R"),16,FALSE)="","",VLOOKUP($B28,INDIRECT("'GRD-"&BA28&"'!$B:$R"),16,FALSE))) | BA28: {=IF(AY28="","",IFERROR(OFFSET($BZ$11,0,MATCH($AY28,$CA28:$FV28,0),),""))} | BB28: {=IF(AY28="","",INDIRECT("'GRD-"&BA28&"'!$L$7"))} | BC28: {=IFERROR(OFFSET($BZ$11,ROW($B28)-11,MATCH(BC$10,$CA28:$FV28,0),),"")} | BD28: =IF(BC28="","",IF(VLOOKUP($B28,INDIRECT("'GRD-"&BE28&"'!$B:$R"),16,FALSE)="","",VLOOKUP($B28,INDIRECT("'GRD-"&BE28&"'!$B:$R"),16,FALSE))) | BE28: {=IF(BC28="","",IFERROR(OFFSET($BZ$11,0,MATCH($BC28,$CA28:$FV28,0),),""))} | BF28: {=IF(BC28="","",INDIRECT("'GRD-"&BE28&"'!$L$7"))} | CA28: =IFERROR(VLOOKUP($B28,INDIRECT("'GRD-"&CA$11&"'!B:R"),15,FALSE),"") | CB28: =IFERROR(VLOOKUP($B28,INDIRECT("'GRD-"&CB$11&"'!B:R"),15,FALSE),"") | CC28: =IFERROR(VLOOKUP($B28,INDIRECT("'GRD-"&CC$11&"'!B:R"),15,FALSE),"") | CD28: =IFERROR(VLOOKUP($B28,INDIRECT("'GRD-"&CD$11&"'!B:R"),15,FALSE),"") | CE28: =IFERROR(VLOOKUP($B28,INDIRECT("'GRD-"&CE$11&"'!B:R"),15,FALSE),"") | CF28: =IFERROR(VLOOKUP($B28,INDIRECT("'GRD-"&CF$11&"'!B:R"),15,FALSE),"") | CG28: =IFERROR(VLOOKUP($B28,INDIRECT("'GRD-"&CG$11&"'!B:R"),15,FALSE),"") | CH28: =IFERROR(VLOOKUP($B28,INDIRECT("'GRD-"&CH$11&"'!B:R"),15,FALSE),"") | ... FV28: =IFERROR(VLOOKUP($B28,INDIRECT("'GRD-"&FV$11&"'!B:R"),15,FALSE),"")
D29: =IF(K29="","",MAX($CA29:$FV29)) | E29: {=IF($K29="","",OFFSET($A$1,ROW($B29)-1,11+$D29*4,))} | F29: {=IF($K29="","",OFFSET($A$1,ROW($B29)-1,12+$D29*4,))} | G29: {=IF($K29="","",OFFSET($A$1,ROW($B29)-1,13+$D29*4,))} | J29: =IF(I29="A4",H29/8,IF(I29="A3",H29/4,IF(I29="A2",H29/2,IF(I29="A1",H29/1,IF(I29="A0",H29*2,""))))) | K29: {=IFERROR(OFFSET($BZ$11,ROW($B29)-11,MATCH(K$10,$CA29:$FV29,0),),"")} | L29: =IF(K29="","",IF(VLOOKUP($B29,INDIRECT("'GRD-"&M29&"'!$B:$R"),16,FALSE)="","",VLOOKUP($B29,INDIRECT("'GRD-"&M29&"'!$B:$R"),16,FALSE))) | M29: {=IF(K29="","",IFERROR(OFFSET($BZ$11,0,MATCH($K29,$CA29:$FV29,0),),""))} | N29: {=IF(K29="","",INDIRECT("'GRD-"&M29&"'!$L$7"))} | O29: {=IFERROR(OFFSET($BZ$11,ROW($B29)-11,MATCH(O$10,$CA29:$FV29,0),),"")} | P29: =IF(O29="","",IF(VLOOKUP($B29,INDIRECT("'GRD-"&Q29&"'!$B:$R"),16,FALSE)="","",VLOOKUP($B29,INDIRECT("'GRD-"&Q29&"'!$B:$R"),16,FALSE))) | Q29: {=IF(O29="","",IFERROR(OFFSET($BZ$11,0,MATCH($O29,$CA29:$FV29,0),),""))} | R29: {=IF(O29="","",INDIRECT("'GRD-"&Q29&"'!$L$7"))} | S29: {=IFERROR(OFFSET($BZ$11,ROW($B29)-11,MATCH(S$10,$CA29:$FV29,0),),"")} | T29: =IF(S29="","",IF(VLOOKUP($B29,INDIRECT("'GRD-"&U29&"'!$B:$R"),16,FALSE)="","",VLOOKUP($B29,INDIRECT("'GRD-"&U29&"'!$B:$R"),16,FALSE))) | U29: {=IF(S29="","",IFERROR(OFFSET($BZ$11,0,MATCH($S29,$CA29:$FV29,0),),""))} | V29: {=IF(S29="","",INDIRECT("'GRD-"&U29&"'!$L$7"))} | W29: {=IFERROR(OFFSET($BZ$11,ROW($B29)-11,MATCH(W$10,$CA29:$FV29,0),),"")} | X29: =IF(W29="","",IF(VLOOKUP($B29,INDIRECT("'GRD-"&Y29&"'!$B:$R"),16,FALSE)="","",VLOOKUP($B29,INDIRECT("'GRD-"&Y29&"'!$B:$R"),16,FALSE))) | Y29: {=IF(W29="","",IFERROR(OFFSET($BZ$11,0,MATCH($W29,$CA29:$FV29,0),),""))} | Z29: {=IF(W29="","",INDIRECT("'GRD-"&Y29&"'!$L$7"))} | AA29: {=IFERROR(OFFSET($BZ$11,ROW($B29)-11,MATCH(AA$10,$CA29:$FV29,0),),"")} | AB29: =IF(AA29="","",IF(VLOOKUP($B29,INDIRECT("'GRD-"&AC29&"'!$B:$R"),16,FALSE)="","",VLOOKUP($B29,INDIRECT("'GRD-"&AC29&"'!$B:$R"),16,FALSE))) | AC29: {=IF(AA29="","",IFERROR(OFFSET($BZ$11,0,MATCH($AA29,$CA29:$FV29,0),),""))} | AD29: {=IF(AA29="","",INDIRECT("'GRD-"&AC29&"'!$L$7"))} | AE29: {=IFERROR(OFFSET($BZ$11,ROW($B29)-11,MATCH(AE$10,$CA29:$FV29,0),),"")} | AF29: =IF(AE29="","",IF(VLOOKUP($B29,INDIRECT("'GRD-"&AG29&"'!$B:$R"),16,FALSE)="","",VLOOKUP($B29,INDIRECT("'GRD-"&AG29&"'!$B:$R"),16,FALSE))) | AG29: {=IF(AE29="","",IFERROR(OFFSET($BZ$11,0,MATCH($AE29,$CA29:$FV29,0),),""))} | AH29: {=IF(AE29="","",INDIRECT("'GRD-"&AG29&"'!$L$7"))} | AI29: {=IFERROR(OFFSET($BZ$11,ROW($B29)-11,MATCH(AI$10,$CA29:$FV29,0),),"")} | AJ29: =IF(AI29="","",IF(VLOOKUP($B29,INDIRECT("'GRD-"&AK29&"'!$B:$R"),16,FALSE)="","",VLOOKUP($B29,INDIRECT("'GRD-"&AK29&"'!$B:$R"),16,FALSE))) | AK29: {=IF(AI29="","",IFERROR(OFFSET($BZ$11,0,MATCH($AI29,$CA29:$FV29,0),),""))} | AL29: {=IF(AI29="","",INDIRECT("'GRD-"&AK29&"'!$L$7"))} | AM29: {=IFERROR(OFFSET($BZ$11,ROW($B29)-11,MATCH(AM$10,$CA29:$FV29,0),),"")} | AN29: =IF(AM29="","",IF(VLOOKUP($B29,INDIRECT("'GRD-"&AO29&"'!$B:$R"),16,FALSE)="","",VLOOKUP($B29,INDIRECT("'GRD-"&AO29&"'!$B:$R"),16,FALSE))) | AO29: {=IF(AM29="","",IFERROR(OFFSET($BZ$11,0,MATCH($AM29,$CA29:$FV29,0),),""))} | AP29: {=IF(AM29="","",INDIRECT("'GRD-"&AO29&"'!$L$7"))} | AQ29: {=IFERROR(OFFSET($BZ$11,ROW($B29)-11,MATCH(AQ$10,$CA29:$FV29,0),),"")} | AR29: =IF(AQ29="","",IF(VLOOKUP($B29,INDIRECT("'GRD-"&AS29&"'!$B:$R"),16,FALSE)="","",VLOOKUP($B29,INDIRECT("'GRD-"&AS29&"'!$B:$R"),16,FALSE))) | AS29: {=IF(AQ29="","",IFERROR(OFFSET($BZ$11,0,MATCH($AQ29,$CA29:$FV29,0),),""))} | AT29: {=IF(AQ29="","",INDIRECT("'GRD-"&AS29&"'!$L$7"))} | AU29: {=IFERROR(OFFSET($BZ$11,ROW($B29)-11,MATCH(AU$10,$CA29:$FV29,0),),"")} | AV29: =IF(AU29="","",IF(VLOOKUP($B29,INDIRECT("'GRD-"&AW29&"'!$B:$R"),16,FALSE)="","",VLOOKUP($B29,INDIRECT("'GRD-"&AW29&"'!$B:$R"),16,FALSE))) | AW29: {=IF(AU29="","",IFERROR(OFFSET($BZ$11,0,MATCH($AU29,$CA29:$FV29,0),),""))} | AX29: {=IF(AU29="","",INDIRECT("'GRD-"&AW29&"'!$L$7"))} | AY29: {=IFERROR(OFFSET($BZ$11,ROW($B29)-11,MATCH(AY$10,$CA29:$FV29,0),),"")} | AZ29: =IF(AY29="","",IF(VLOOKUP($B29,INDIRECT("'GRD-"&BA29&"'!$B:$R"),16,FALSE)="","",VLOOKUP($B29,INDIRECT("'GRD-"&BA29&"'!$B:$R"),16,FALSE))) | BA29: {=IF(AY29="","",IFERROR(OFFSET($BZ$11,0,MATCH($AY29,$CA29:$FV29,0),),""))} | BB29: {=IF(AY29="","",INDIRECT("'GRD-"&BA29&"'!$L$7"))} | BC29: {=IFERROR(OFFSET($BZ$11,ROW($B29)-11,MATCH(BC$10,$CA29:$FV29,0),),"")} | BD29: =IF(BC29="","",IF(VLOOKUP($B29,INDIRECT("'GRD-"&BE29&"'!$B:$R"),16,FALSE)="","",VLOOKUP($B29,INDIRECT("'GRD-"&BE29&"'!$B:$R"),16,FALSE))) | BE29: {=IF(BC29="","",IFERROR(OFFSET($BZ$11,0,MATCH($BC29,$CA29:$FV29,0),),""))} | BF29: {=IF(BC29="","",INDIRECT("'GRD-"&BE29&"'!$L$7"))} | CA29: =IFERROR(VLOOKUP($B29,INDIRECT("'GRD-"&CA$11&"'!B:R"),15,FALSE),"") | CB29: =IFERROR(VLOOKUP($B29,INDIRECT("'GRD-"&CB$11&"'!B:R"),15,FALSE),"") | CC29: =IFERROR(VLOOKUP($B29,INDIRECT("'GRD-"&CC$11&"'!B:R"),15,FALSE),"") | CD29: =IFERROR(VLOOKUP($B29,INDIRECT("'GRD-"&CD$11&"'!B:R"),15,FALSE),"") | CE29: =IFERROR(VLOOKUP($B29,INDIRECT("'GRD-"&CE$11&"'!B:R"),15,FALSE),"") | CF29: =IFERROR(VLOOKUP($B29,INDIRECT("'GRD-"&CF$11&"'!B:R"),15,FALSE),"") | CG29: =IFERROR(VLOOKUP($B29,INDIRECT("'GRD-"&CG$11&"'!B:R"),15,FALSE),"") | CH29: =IFERROR(VLOOKUP($B29,INDIRECT("'GRD-"&CH$11&"'!B:R"),15,FALSE),"") | ... FV29: =IFERROR(VLOOKUP($B29,INDIRECT("'GRD-"&FV$11&"'!B:R"),15,FALSE),"")
D30: =IF(K30="","",MAX($CA30:$FV30)) | E30: {=IF($K30="","",OFFSET($A$1,ROW($B30)-1,11+$D30*4,))} | F30: {=IF($K30="","",OFFSET($A$1,ROW($B30)-1,12+$D30*4,))} | G30: {=IF($K30="","",OFFSET($A$1,ROW($B30)-1,13+$D30*4,))} | J30: =IF(I30="A4",H30/8,IF(I30="A3",H30/4,IF(I30="A2",H30/2,IF(I30="A1",H30/1,IF(I30="A0",H30*2,""))))) | K30: {=IFERROR(OFFSET($BZ$11,ROW($B30)-11,MATCH(K$10,$CA30:$FV30,0),),"")} | L30: =IF(K30="","",IF(VLOOKUP($B30,INDIRECT("'GRD-"&M30&"'!$B:$R"),16,FALSE)="","",VLOOKUP($B30,INDIRECT("'GRD-"&M30&"'!$B:$R"),16,FALSE))) | M30: {=IF(K30="","",IFERROR(OFFSET($BZ$11,0,MATCH($K30,$CA30:$FV30,0),),""))} | N30: {=IF(K30="","",INDIRECT("'GRD-"&M30&"'!$L$7"))} | O30: {=IFERROR(OFFSET($BZ$11,ROW($B30)-11,MATCH(O$10,$CA30:$FV30,0),),"")} | P30: =IF(O30="","",IF(VLOOKUP($B30,INDIRECT("'GRD-"&Q30&"'!$B:$R"),16,FALSE)="","",VLOOKUP($B30,INDIRECT("'GRD-"&Q30&"'!$B:$R"),16,FALSE))) | Q30: {=IF(O30="","",IFERROR(OFFSET($BZ$11,0,MATCH($O30,$CA30:$FV30,0),),""))} | R30: {=IF(O30="","",INDIRECT("'GRD-"&Q30&"'!$L$7"))} | S30: {=IFERROR(OFFSET($BZ$11,ROW($B30)-11,MATCH(S$10,$CA30:$FV30,0),),"")} | T30: =IF(S30="","",IF(VLOOKUP($B30,INDIRECT("'GRD-"&U30&"'!$B:$R"),16,FALSE)="","",VLOOKUP($B30,INDIRECT("'GRD-"&U30&"'!$B:$R"),16,FALSE))) | U30: {=IF(S30="","",IFERROR(OFFSET($BZ$11,0,MATCH($S30,$CA30:$FV30,0),),""))} | V30: {=IF(S30="","",INDIRECT("'GRD-"&U30&"'!$L$7"))} | W30: {=IFERROR(OFFSET($BZ$11,ROW($B30)-11,MATCH(W$10,$CA30:$FV30,0),),"")} | X30: =IF(W30="","",IF(VLOOKUP($B30,INDIRECT("'GRD-"&Y30&"'!$B:$R"),16,FALSE)="","",VLOOKUP($B30,INDIRECT("'GRD-"&Y30&"'!$B:$R"),16,FALSE))) | Y30: {=IF(W30="","",IFERROR(OFFSET($BZ$11,0,MATCH($W30,$CA30:$FV30,0),),""))} | Z30: {=IF(W30="","",INDIRECT("'GRD-"&Y30&"'!$L$7"))} | AA30: {=IFERROR(OFFSET($BZ$11,ROW($B30)-11,MATCH(AA$10,$CA30:$FV30,0),),"")} | AB30: =IF(AA30="","",IF(VLOOKUP($B30,INDIRECT("'GRD-"&AC30&"'!$B:$R"),16,FALSE)="","",VLOOKUP($B30,INDIRECT("'GRD-"&AC30&"'!$B:$R"),16,FALSE))) | AC30: {=IF(AA30="","",IFERROR(OFFSET($BZ$11,0,MATCH($AA30,$CA30:$FV30,0),),""))} | AD30: {=IF(AA30="","",INDIRECT("'GRD-"&AC30&"'!$L$7"))} | AE30: {=IFERROR(OFFSET($BZ$11,ROW($B30)-11,MATCH(AE$10,$CA30:$FV30,0),),"")} | AF30: =IF(AE30="","",IF(VLOOKUP($B30,INDIRECT("'GRD-"&AG30&"'!$B:$R"),16,FALSE)="","",VLOOKUP($B30,INDIRECT("'GRD-"&AG30&"'!$B:$R"),16,FALSE))) | AG30: {=IF(AE30="","",IFERROR(OFFSET($BZ$11,0,MATCH($AE30,$CA30:$FV30,0),),""))} | AH30: {=IF(AE30="","",INDIRECT("'GRD-"&AG30&"'!$L$7"))} | AI30: {=IFERROR(OFFSET($BZ$11,ROW($B30)-11,MATCH(AI$10,$CA30:$FV30,0),),"")} | AJ30: =IF(AI30="","",IF(VLOOKUP($B30,INDIRECT("'GRD-"&AK30&"'!$B:$R"),16,FALSE)="","",VLOOKUP($B30,INDIRECT("'GRD-"&AK30&"'!$B:$R"),16,FALSE))) | AK30: {=IF(AI30="","",IFERROR(OFFSET($BZ$11,0,MATCH($AI30,$CA30:$FV30,0),),""))} | AL30: {=IF(AI30="","",INDIRECT("'GRD-"&AK30&"'!$L$7"))} | AM30: {=IFERROR(OFFSET($BZ$11,ROW($B30)-11,MATCH(AM$10,$CA30:$FV30,0),),"")} | AN30: =IF(AM30="","",IF(VLOOKUP($B30,INDIRECT("'GRD-"&AO30&"'!$B:$R"),16,FALSE)="","",VLOOKUP($B30,INDIRECT("'GRD-"&AO30&"'!$B:$R"),16,FALSE))) | AO30: {=IF(AM30="","",IFERROR(OFFSET($BZ$11,0,MATCH($AM30,$CA30:$FV30,0),),""))} | AP30: {=IF(AM30="","",INDIRECT("'GRD-"&AO30&"'!$L$7"))} | AQ30: {=IFERROR(OFFSET($BZ$11,ROW($B30)-11,MATCH(AQ$10,$CA30:$FV30,0),),"")} | AR30: =IF(AQ30="","",IF(VLOOKUP($B30,INDIRECT("'GRD-"&AS30&"'!$B:$R"),16,FALSE)="","",VLOOKUP($B30,INDIRECT("'GRD-"&AS30&"'!$B:$R"),16,FALSE))) | AS30: {=IF(AQ30="","",IFERROR(OFFSET($BZ$11,0,MATCH($AQ30,$CA30:$FV30,0),),""))} | AT30: {=IF(AQ30="","",INDIRECT("'GRD-"&AS30&"'!$L$7"))} | AU30: {=IFERROR(OFFSET($BZ$11,ROW($B30)-11,MATCH(AU$10,$CA30:$FV30,0),),"")} | AV30: =IF(AU30="","",IF(VLOOKUP($B30,INDIRECT("'GRD-"&AW30&"'!$B:$R"),16,FALSE)="","",VLOOKUP($B30,INDIRECT("'GRD-"&AW30&"'!$B:$R"),16,FALSE))) | AW30: {=IF(AU30="","",IFERROR(OFFSET($BZ$11,0,MATCH($AU30,$CA30:$FV30,0),),""))} | AX30: {=IF(AU30="","",INDIRECT("'GRD-"&AW30&"'!$L$7"))} | AY30: {=IFERROR(OFFSET($BZ$11,ROW($B30)-11,MATCH(AY$10,$CA30:$FV30,0),),"")} | AZ30: =IF(AY30="","",IF(VLOOKUP($B30,INDIRECT("'GRD-"&BA30&"'!$B:$R"),16,FALSE)="","",VLOOKUP($B30,INDIRECT("'GRD-"&BA30&"'!$B:$R"),16,FALSE))) | BA30: {=IF(AY30="","",IFERROR(OFFSET($BZ$11,0,MATCH($AY30,$CA30:$FV30,0),),""))} | BB30: {=IF(AY30="","",INDIRECT("'GRD-"&BA30&"'!$L$7"))} | BC30: {=IFERROR(OFFSET($BZ$11,ROW($B30)-11,MATCH(BC$10,$CA30:$FV30,0),),"")} | BD30: =IF(BC30="","",IF(VLOOKUP($B30,INDIRECT("'GRD-"&BE30&"'!$B:$R"),16,FALSE)="","",VLOOKUP($B30,INDIRECT("'GRD-"&BE30&"'!$B:$R"),16,FALSE))) | BE30: {=IF(BC30="","",IFERROR(OFFSET($BZ$11,0,MATCH($BC30,$CA30:$FV30,0),),""))} | BF30: {=IF(BC30="","",INDIRECT("'GRD-"&BE30&"'!$L$7"))} | CA30: =IFERROR(VLOOKUP($B30,INDIRECT("'GRD-"&CA$11&"'!B:R"),15,FALSE),"") | CB30: =IFERROR(VLOOKUP($B30,INDIRECT("'GRD-"&CB$11&"'!B:R"),15,FALSE),"") | CC30: =IFERROR(VLOOKUP($B30,INDIRECT("'GRD-"&CC$11&"'!B:R"),15,FALSE),"") | CD30: =IFERROR(VLOOKUP($B30,INDIRECT("'GRD-"&CD$11&"'!B:R"),15,FALSE),"") | CE30: =IFERROR(VLOOKUP($B30,INDIRECT("'GRD-"&CE$11&"'!B:R"),15,FALSE),"") | CF30: =IFERROR(VLOOKUP($B30,INDIRECT("'GRD-"&CF$11&"'!B:R"),15,FALSE),"") | CG30: =IFERROR(VLOOKUP($B30,INDIRECT("'GRD-"&CG$11&"'!B:R"),15,FALSE),"") | CH30: =IFERROR(VLOOKUP($B30,INDIRECT("'GRD-"&CH$11&"'!B:R"),15,FALSE),"") | ... FV30: =IFERROR(VLOOKUP($B30,INDIRECT("'GRD-"&FV$11&"'!B:R"),15,FALSE),"")
D31: =IF(K31="","",MAX($CA31:$FV31)) | E31: {=IF($K31="","",OFFSET($A$1,ROW($B31)-1,11+$D31*4,))} | F31: {=IF($K31="","",OFFSET($A$1,ROW($B31)-1,12+$D31*4,))} | G31: {=IF($K31="","",OFFSET($A$1,ROW($B31)-1,13+$D31*4,))} | J31: =IF(I31="A4",H31/8,IF(I31="A3",H31/4,IF(I31="A2",H31/2,IF(I31="A1",H31/1,IF(I31="A0",H31*2,""))))) | K31: {=IFERROR(OFFSET($BZ$11,ROW($B31)-11,MATCH(K$10,$CA31:$FV31,0),),"")} | L31: =IF(K31="","",IF(VLOOKUP($B31,INDIRECT("'GRD-"&M31&"'!$B:$R"),16,FALSE)="","",VLOOKUP($B31,INDIRECT("'GRD-"&M31&"'!$B:$R"),16,FALSE))) | M31: {=IF(K31="","",IFERROR(OFFSET($BZ$11,0,MATCH($K31,$CA31:$FV31,0),),""))} | N31: {=IF(K31="","",INDIRECT("'GRD-"&M31&"'!$L$7"))} | O31: {=IFERROR(OFFSET($BZ$11,ROW($B31)-11,MATCH(O$10,$CA31:$FV31,0),),"")} | P31: =IF(O31="","",IF(VLOOKUP($B31,INDIRECT("'GRD-"&Q31&"'!$B:$R"),16,FALSE)="","",VLOOKUP($B31,INDIRECT("'GRD-"&Q31&"'!$B:$R"),16,FALSE))) | Q31: {=IF(O31="","",IFERROR(OFFSET($BZ$11,0,MATCH($O31,$CA31:$FV31,0),),""))} | R31: {=IF(O31="","",INDIRECT("'GRD-"&Q31&"'!$L$7"))} | S31: {=IFERROR(OFFSET($BZ$11,ROW($B31)-11,MATCH(S$10,$CA31:$FV31,0),),"")} | T31: =IF(S31="","",IF(VLOOKUP($B31,INDIRECT("'GRD-"&U31&"'!$B:$R"),16,FALSE)="","",VLOOKUP($B31,INDIRECT("'GRD-"&U31&"'!$B:$R"),16,FALSE))) | U31: {=IF(S31="","",IFERROR(OFFSET($BZ$11,0,MATCH($S31,$CA31:$FV31,0),),""))} | V31: {=IF(S31="","",INDIRECT("'GRD-"&U31&"'!$L$7"))} | W31: {=IFERROR(OFFSET($BZ$11,ROW($B31)-11,MATCH(W$10,$CA31:$FV31,0),),"")} | X31: =IF(W31="","",IF(VLOOKUP($B31,INDIRECT("'GRD-"&Y31&"'!$B:$R"),16,FALSE)="","",VLOOKUP($B31,INDIRECT("'GRD-"&Y31&"'!$B:$R"),16,FALSE))) | Y31: {=IF(W31="","",IFERROR(OFFSET($BZ$11,0,MATCH($W31,$CA31:$FV31,0),),""))} | Z31: {=IF(W31="","",INDIRECT("'GRD-"&Y31&"'!$L$7"))} | AA31: {=IFERROR(OFFSET($BZ$11,ROW($B31)-11,MATCH(AA$10,$CA31:$FV31,0),),"")} | AB31: =IF(AA31="","",IF(VLOOKUP($B31,INDIRECT("'GRD-"&AC31&"'!$B:$R"),16,FALSE)="","",VLOOKUP($B31,INDIRECT("'GRD-"&AC31&"'!$B:$R"),16,FALSE))) | AC31: {=IF(AA31="","",IFERROR(OFFSET($BZ$11,0,MATCH($AA31,$CA31:$FV31,0),),""))} | AD31: {=IF(AA31="","",INDIRECT("'GRD-"&AC31&"'!$L$7"))} | AE31: {=IFERROR(OFFSET($BZ$11,ROW($B31)-11,MATCH(AE$10,$CA31:$FV31,0),),"")} | AF31: =IF(AE31="","",IF(VLOOKUP($B31,INDIRECT("'GRD-"&AG31&"'!$B:$R"),16,FALSE)="","",VLOOKUP($B31,INDIRECT("'GRD-"&AG31&"'!$B:$R"),16,FALSE))) | AG31: {=IF(AE31="","",IFERROR(OFFSET($BZ$11,0,MATCH($AE31,$CA31:$FV31,0),),""))} | AH31: {=IF(AE31="","",INDIRECT("'GRD-"&AG31&"'!$L$7"))} | AI31: {=IFERROR(OFFSET($BZ$11,ROW($B31)-11,MATCH(AI$10,$CA31:$FV31,0),),"")} | AJ31: =IF(AI31="","",IF(VLOOKUP($B31,INDIRECT("'GRD-"&AK31&"'!$B:$R"),16,FALSE)="","",VLOOKUP($B31,INDIRECT("'GRD-"&AK31&"'!$B:$R"),16,FALSE))) | AK31: {=IF(AI31="","",IFERROR(OFFSET($BZ$11,0,MATCH($AI31,$CA31:$FV31,0),),""))} | AL31: {=IF(AI31="","",INDIRECT("'GRD-"&AK31&"'!$L$7"))} | AM31: {=IFERROR(OFFSET($BZ$11,ROW($B31)-11,MATCH(AM$10,$CA31:$FV31,0),),"")} | AN31: =IF(AM31="","",IF(VLOOKUP($B31,INDIRECT("'GRD-"&AO31&"'!$B:$R"),16,FALSE)="","",VLOOKUP($B31,INDIRECT("'GRD-"&AO31&"'!$B:$R"),16,FALSE))) | AO31: {=IF(AM31="","",IFERROR(OFFSET($BZ$11,0,MATCH($AM31,$CA31:$FV31,0),),""))} | AP31: {=IF(AM31="","",INDIRECT("'GRD-"&AO31&"'!$L$7"))} | AQ31: {=IFERROR(OFFSET($BZ$11,ROW($B31)-11,MATCH(AQ$10,$CA31:$FV31,0),),"")} | AR31: =IF(AQ31="","",IF(VLOOKUP($B31,INDIRECT("'GRD-"&AS31&"'!$B:$R"),16,FALSE)="","",VLOOKUP($B31,INDIRECT("'GRD-"&AS31&"'!$B:$R"),16,FALSE))) | AS31: {=IF(AQ31="","",IFERROR(OFFSET($BZ$11,0,MATCH($AQ31,$CA31:$FV31,0),),""))} | AT31: {=IF(AQ31="","",INDIRECT("'GRD-"&AS31&"'!$L$7"))} | AU31: {=IFERROR(OFFSET($BZ$11,ROW($B31)-11,MATCH(AU$10,$CA31:$FV31,0),),"")} | AV31: =IF(AU31="","",IF(VLOOKUP($B31,INDIRECT("'GRD-"&AW31&"'!$B:$R"),16,FALSE)="","",VLOOKUP($B31,INDIRECT("'GRD-"&AW31&"'!$B:$R"),16,FALSE))) | AW31: {=IF(AU31="","",IFERROR(OFFSET($BZ$11,0,MATCH($AU31,$CA31:$FV31,0),),""))} | AX31: {=IF(AU31="","",INDIRECT("'GRD-"&AW31&"'!$L$7"))} | AY31: {=IFERROR(OFFSET($BZ$11,ROW($B31)-11,MATCH(AY$10,$CA31:$FV31,0),),"")} | AZ31: =IF(AY31="","",IF(VLOOKUP($B31,INDIRECT("'GRD-"&BA31&"'!$B:$R"),16,FALSE)="","",VLOOKUP($B31,INDIRECT("'GRD-"&BA31&"'!$B:$R"),16,FALSE))) | BA31: {=IF(AY31="","",IFERROR(OFFSET($BZ$11,0,MATCH($AY31,$CA31:$FV31,0),),""))} | BB31: {=IF(AY31="","",INDIRECT("'GRD-"&BA31&"'!$L$7"))} | BC31: {=IFERROR(OFFSET($BZ$11,ROW($B31)-11,MATCH(BC$10,$CA31:$FV31,0),),"")} | BD31: =IF(BC31="","",IF(VLOOKUP($B31,INDIRECT("'GRD-"&BE31&"'!$B:$R"),16,FALSE)="","",VLOOKUP($B31,INDIRECT("'GRD-"&BE31&"'!$B:$R"),16,FALSE))) | BE31: {=IF(BC31="","",IFERROR(OFFSET($BZ$11,0,MATCH($BC31,$CA31:$FV31,0),),""))} | BF31: {=IF(BC31="","",INDIRECT("'GRD-"&BE31&"'!$L$7"))} | CA31: =IFERROR(VLOOKUP($B31,INDIRECT("'GRD-"&CA$11&"'!B:R"),15,FALSE),"") | CB31: =IFERROR(VLOOKUP($B31,INDIRECT("'GRD-"&CB$11&"'!B:R"),15,FALSE),"") | CC31: =IFERROR(VLOOKUP($B31,INDIRECT("'GRD-"&CC$11&"'!B:R"),15,FALSE),"") | CD31: =IFERROR(VLOOKUP($B31,INDIRECT("'GRD-"&CD$11&"'!B:R"),15,FALSE),"") | CE31: =IFERROR(VLOOKUP($B31,INDIRECT("'GRD-"&CE$11&"'!B:R"),15,FALSE),"") | CF31: =IFERROR(VLOOKUP($B31,INDIRECT("'GRD-"&CF$11&"'!B:R"),15,FALSE),"") | CG31: =IFERROR(VLOOKUP($B31,INDIRECT("'GRD-"&CG$11&"'!B:R"),15,FALSE),"") | CH31: =IFERROR(VLOOKUP($B31,INDIRECT("'GRD-"&CH$11&"'!B:R"),15,FALSE),"") | ... FV31: =IFERROR(VLOOKUP($B31,INDIRECT("'GRD-"&FV$11&"'!B:R"),15,FALSE),"")
D32: =IF(K32="","",MAX($CA32:$FV32)) | E32: {=IF($K32="","",OFFSET($A$1,ROW($B32)-1,11+$D32*4,))} | F32: {=IF($K32="","",OFFSET($A$1,ROW($B32)-1,12+$D32*4,))} | G32: {=IF($K32="","",OFFSET($A$1,ROW($B32)-1,13+$D32*4,))} | J32: =IF(I32="A4",H32/8,IF(I32="A3",H32/4,IF(I32="A2",H32/2,IF(I32="A1",H32/1,IF(I32="A0",H32*2,""))))) | K32: {=IFERROR(OFFSET($BZ$11,ROW($B32)-11,MATCH(K$10,$CA32:$FV32,0),),"")} | L32: =IF(K32="","",IF(VLOOKUP($B32,INDIRECT("'GRD-"&M32&"'!$B:$R"),16,FALSE)="","",VLOOKUP($B32,INDIRECT("'GRD-"&M32&"'!$B:$R"),16,FALSE))) | M32: {=IF(K32="","",IFERROR(OFFSET($BZ$11,0,MATCH($K32,$CA32:$FV32,0),),""))} | N32: {=IF(K32="","",INDIRECT("'GRD-"&M32&"'!$L$7"))} | O32: {=IFERROR(OFFSET($BZ$11,ROW($B32)-11,MATCH(O$10,$CA32:$FV32,0),),"")} | P32: =IF(O32="","",IF(VLOOKUP($B32,INDIRECT("'GRD-"&Q32&"'!$B:$R"),16,FALSE)="","",VLOOKUP($B32,INDIRECT("'GRD-"&Q32&"'!$B:$R"),16,FALSE))) | Q32: {=IF(O32="","",IFERROR(OFFSET($BZ$11,0,MATCH($O32,$CA32:$FV32,0),),""))} | R32: {=IF(O32="","",INDIRECT("'GRD-"&Q32&"'!$L$7"))} | S32: {=IFERROR(OFFSET($BZ$11,ROW($B32)-11,MATCH(S$10,$CA32:$FV32,0),),"")} | T32: =IF(S32="","",IF(VLOOKUP($B32,INDIRECT("'GRD-"&U32&"'!$B:$R"),16,FALSE)="","",VLOOKUP($B32,INDIRECT("'GRD-"&U32&"'!$B:$R"),16,FALSE))) | U32: {=IF(S32="","",IFERROR(OFFSET($BZ$11,0,MATCH($S32,$CA32:$FV32,0),),""))} | V32: {=IF(S32="","",INDIRECT("'GRD-"&U32&"'!$L$7"))} | W32: {=IFERROR(OFFSET($BZ$11,ROW($B32)-11,MATCH(W$10,$CA32:$FV32,0),),"")} | X32: =IF(W32="","",IF(VLOOKUP($B32,INDIRECT("'GRD-"&Y32&"'!$B:$R"),16,FALSE)="","",VLOOKUP($B32,INDIRECT("'GRD-"&Y32&"'!$B:$R"),16,FALSE))) | Y32: {=IF(W32="","",IFERROR(OFFSET($BZ$11,0,MATCH($W32,$CA32:$FV32,0),),""))} | Z32: {=IF(W32="","",INDIRECT("'GRD-"&Y32&"'!$L$7"))} | AA32: {=IFERROR(OFFSET($BZ$11,ROW($B32)-11,MATCH(AA$10,$CA32:$FV32,0),),"")} | AB32: =IF(AA32="","",IF(VLOOKUP($B32,INDIRECT("'GRD-"&AC32&"'!$B:$R"),16,FALSE)="","",VLOOKUP($B32,INDIRECT("'GRD-"&AC32&"'!$B:$R"),16,FALSE))) | AC32: {=IF(AA32="","",IFERROR(OFFSET($BZ$11,0,MATCH($AA32,$CA32:$FV32,0),),""))} | AD32: {=IF(AA32="","",INDIRECT("'GRD-"&AC32&"'!$L$7"))} | AE32: {=IFERROR(OFFSET($BZ$11,ROW($B32)-11,MATCH(AE$10,$CA32:$FV32,0),),"")} | AF32: =IF(AE32="","",IF(VLOOKUP($B32,INDIRECT("'GRD-"&AG32&"'!$B:$R"),16,FALSE)="","",VLOOKUP($B32,INDIRECT("'GRD-"&AG32&"'!$B:$R"),16,FALSE))) | AG32: {=IF(AE32="","",IFERROR(OFFSET($BZ$11,0,MATCH($AE32,$CA32:$FV32,0),),""))} | AH32: {=IF(AE32="","",INDIRECT("'GRD-"&AG32&"'!$L$7"))} | AI32: {=IFERROR(OFFSET($BZ$11,ROW($B32)-11,MATCH(AI$10,$CA32:$FV32,0),),"")} | AJ32: =IF(AI32="","",IF(VLOOKUP($B32,INDIRECT("'GRD-"&AK32&"'!$B:$R"),16,FALSE)="","",VLOOKUP($B32,INDIRECT("'GRD-"&AK32&"'!$B:$R"),16,FALSE))) | AK32: {=IF(AI32="","",IFERROR(OFFSET($BZ$11,0,MATCH($AI32,$CA32:$FV32,0),),""))} | AL32: {=IF(AI32="","",INDIRECT("'GRD-"&AK32&"'!$L$7"))} | AM32: {=IFERROR(OFFSET($BZ$11,ROW($B32)-11,MATCH(AM$10,$CA32:$FV32,0),),"")} | AN32: =IF(AM32="","",IF(VLOOKUP($B32,INDIRECT("'GRD-"&AO32&"'!$B:$R"),16,FALSE)="","",VLOOKUP($B32,INDIRECT("'GRD-"&AO32&"'!$B:$R"),16,FALSE))) | AO32: {=IF(AM32="","",IFERROR(OFFSET($BZ$11,0,MATCH($AM32,$CA32:$FV32,0),),""))} | AP32: {=IF(AM32="","",INDIRECT("'GRD-"&AO32&"'!$L$7"))} | AQ32: {=IFERROR(OFFSET($BZ$11,ROW($B32)-11,MATCH(AQ$10,$CA32:$FV32,0),),"")} | AR32: =IF(AQ32="","",IF(VLOOKUP($B32,INDIRECT("'GRD-"&AS32&"'!$B:$R"),16,FALSE)="","",VLOOKUP($B32,INDIRECT("'GRD-"&AS32&"'!$B:$R"),16,FALSE))) | AS32: {=IF(AQ32="","",IFERROR(OFFSET($BZ$11,0,MATCH($AQ32,$CA32:$FV32,0),),""))} | AT32: {=IF(AQ32="","",INDIRECT("'GRD-"&AS32&"'!$L$7"))} | AU32: {=IFERROR(OFFSET($BZ$11,ROW($B32)-11,MATCH(AU$10,$CA32:$FV32,0),),"")} | AV32: =IF(AU32="","",IF(VLOOKUP($B32,INDIRECT("'GRD-"&AW32&"'!$B:$R"),16,FALSE)="","",VLOOKUP($B32,INDIRECT("'GRD-"&AW32&"'!$B:$R"),16,FALSE))) | AW32: {=IF(AU32="","",IFERROR(OFFSET($BZ$11,0,MATCH($AU32,$CA32:$FV32,0),),""))} | AX32: {=IF(AU32="","",INDIRECT("'GRD-"&AW32&"'!$L$7"))} | AY32: {=IFERROR(OFFSET($BZ$11,ROW($B32)-11,MATCH(AY$10,$CA32:$FV32,0),),"")} | AZ32: =IF(AY32="","",IF(VLOOKUP($B32,INDIRECT("'GRD-"&BA32&"'!$B:$R"),16,FALSE)="","",VLOOKUP($B32,INDIRECT("'GRD-"&BA32&"'!$B:$R"),16,FALSE))) | BA32: {=IF(AY32="","",IFERROR(OFFSET($BZ$11,0,MATCH($AY32,$CA32:$FV32,0),),""))} | BB32: {=IF(AY32="","",INDIRECT("'GRD-"&BA32&"'!$L$7"))} | BC32: {=IFERROR(OFFSET($BZ$11,ROW($B32)-11,MATCH(BC$10,$CA32:$FV32,0),),"")} | BD32: =IF(BC32="","",IF(VLOOKUP($B32,INDIRECT("'GRD-"&BE32&"'!$B:$R"),16,FALSE)="","",VLOOKUP($B32,INDIRECT("'GRD-"&BE32&"'!$B:$R"),16,FALSE))) | BE32: {=IF(BC32="","",IFERROR(OFFSET($BZ$11,0,MATCH($BC32,$CA32:$FV32,0),),""))} | BF32: {=IF(BC32="","",INDIRECT("'GRD-"&BE32&"'!$L$7"))} | CA32: =IFERROR(VLOOKUP($B32,INDIRECT("'GRD-"&CA$11&"'!B:R"),15,FALSE),"") | CB32: =IFERROR(VLOOKUP($B32,INDIRECT("'GRD-"&CB$11&"'!B:R"),15,FALSE),"") | CC32: =IFERROR(VLOOKUP($B32,INDIRECT("'GRD-"&CC$11&"'!B:R"),15,FALSE),"") | CD32: =IFERROR(VLOOKUP($B32,INDIRECT("'GRD-"&CD$11&"'!B:R"),15,FALSE),"") | CE32: =IFERROR(VLOOKUP($B32,INDIRECT("'GRD-"&CE$11&"'!B:R"),15,FALSE),"") | CF32: =IFERROR(VLOOKUP($B32,INDIRECT("'GRD-"&CF$11&"'!B:R"),15,FALSE),"") | CG32: =IFERROR(VLOOKUP($B32,INDIRECT("'GRD-"&CG$11&"'!B:R"),15,FALSE),"") | CH32: =IFERROR(VLOOKUP($B32,INDIRECT("'GRD-"&CH$11&"'!B:R"),15,FALSE),"") | ... FV32: =IFERROR(VLOOKUP($B32,INDIRECT("'GRD-"&FV$11&"'!B:R"),15,FALSE),"")
D33: =IF(K33="","",MAX($CA33:$FV33)) | E33: {=IF($K33="","",OFFSET($A$1,ROW($B33)-1,11+$D33*4,))} | F33: {=IF($K33="","",OFFSET($A$1,ROW($B33)-1,12+$D33*4,))} | G33: {=IF($K33="","",OFFSET($A$1,ROW($B33)-1,13+$D33*4,))} | J33: =IF(I33="A4",H33/8,IF(I33="A3",H33/4,IF(I33="A2",H33/2,IF(I33="A1",H33/1,IF(I33="A0",H33*2,""))))) | K33: {=IFERROR(OFFSET($BZ$11,ROW($B33)-11,MATCH(K$10,$CA33:$FV33,0),),"")} | L33: =IF(K33="","",IF(VLOOKUP($B33,INDIRECT("'GRD-"&M33&"'!$B:$R"),16,FALSE)="","",VLOOKUP($B33,INDIRECT("'GRD-"&M33&"'!$B:$R"),16,FALSE))) | M33: {=IF(K33="","",IFERROR(OFFSET($BZ$11,0,MATCH($K33,$CA33:$FV33,0),),""))} | N33: {=IF(K33="","",INDIRECT("'GRD-"&M33&"'!$L$7"))} | O33: {=IFERROR(OFFSET($BZ$11,ROW($B33)-11,MATCH(O$10,$CA33:$FV33,0),),"")} | P33: =IF(O33="","",IF(VLOOKUP($B33,INDIRECT("'GRD-"&Q33&"'!$B:$R"),16,FALSE)="","",VLOOKUP($B33,INDIRECT("'GRD-"&Q33&"'!$B:$R"),16,FALSE))) | Q33: {=IF(O33="","",IFERROR(OFFSET($BZ$11,0,MATCH($O33,$CA33:$FV33,0),),""))} | R33: {=IF(O33="","",INDIRECT("'GRD-"&Q33&"'!$L$7"))} | S33: {=IFERROR(OFFSET($BZ$11,ROW($B33)-11,MATCH(S$10,$CA33:$FV33,0),),"")} | T33: =IF(S33="","",IF(VLOOKUP($B33,INDIRECT("'GRD-"&U33&"'!$B:$R"),16,FALSE)="","",VLOOKUP($B33,INDIRECT("'GRD-"&U33&"'!$B:$R"),16,FALSE))) | U33: {=IF(S33="","",IFERROR(OFFSET($BZ$11,0,MATCH($S33,$CA33:$FV33,0),),""))} | V33: {=IF(S33="","",INDIRECT("'GRD-"&U33&"'!$L$7"))} | W33: {=IFERROR(OFFSET($BZ$11,ROW($B33)-11,MATCH(W$10,$CA33:$FV33,0),),"")} | X33: =IF(W33="","",IF(VLOOKUP($B33,INDIRECT("'GRD-"&Y33&"'!$B:$R"),16,FALSE)="","",VLOOKUP($B33,INDIRECT("'GRD-"&Y33&"'!$B:$R"),16,FALSE))) | Y33: {=IF(W33="","",IFERROR(OFFSET($BZ$11,0,MATCH($W33,$CA33:$FV33,0),),""))} | Z33: {=IF(W33="","",INDIRECT("'GRD-"&Y33&"'!$L$7"))} | AA33: {=IFERROR(OFFSET($BZ$11,ROW($B33)-11,MATCH(AA$10,$CA33:$FV33,0),),"")} | AB33: =IF(AA33="","",IF(VLOOKUP($B33,INDIRECT("'GRD-"&AC33&"'!$B:$R"),16,FALSE)="","",VLOOKUP($B33,INDIRECT("'GRD-"&AC33&"'!$B:$R"),16,FALSE))) | AC33: {=IF(AA33="","",IFERROR(OFFSET($BZ$11,0,MATCH($AA33,$CA33:$FV33,0),),""))} | AD33: {=IF(AA33="","",INDIRECT("'GRD-"&AC33&"'!$L$7"))} | AE33: {=IFERROR(OFFSET($BZ$11,ROW($B33)-11,MATCH(AE$10,$CA33:$FV33,0),),"")} | AF33: =IF(AE33="","",IF(VLOOKUP($B33,INDIRECT("'GRD-"&AG33&"'!$B:$R"),16,FALSE)="","",VLOOKUP($B33,INDIRECT("'GRD-"&AG33&"'!$B:$R"),16,FALSE))) | AG33: {=IF(AE33="","",IFERROR(OFFSET($BZ$11,0,MATCH($AE33,$CA33:$FV33,0),),""))} | AH33: {=IF(AE33="","",INDIRECT("'GRD-"&AG33&"'!$L$7"))} | AI33: {=IFERROR(OFFSET($BZ$11,ROW($B33)-11,MATCH(AI$10,$CA33:$FV33,0),),"")} | AJ33: =IF(AI33="","",IF(VLOOKUP($B33,INDIRECT("'GRD-"&AK33&"'!$B:$R"),16,FALSE)="","",VLOOKUP($B33,INDIRECT("'GRD-"&AK33&"'!$B:$R"),16,FALSE))) | AK33: {=IF(AI33="","",IFERROR(OFFSET($BZ$11,0,MATCH($AI33,$CA33:$FV33,0),),""))} | AL33: {=IF(AI33="","",INDIRECT("'GRD-"&AK33&"'!$L$7"))} | AM33: {=IFERROR(OFFSET($BZ$11,ROW($B33)-11,MATCH(AM$10,$CA33:$FV33,0),),"")} | AN33: =IF(AM33="","",IF(VLOOKUP($B33,INDIRECT("'GRD-"&AO33&"'!$B:$R"),16,FALSE)="","",VLOOKUP($B33,INDIRECT("'GRD-"&AO33&"'!$B:$R"),16,FALSE))) | AO33: {=IF(AM33="","",IFERROR(OFFSET($BZ$11,0,MATCH($AM33,$CA33:$FV33,0),),""))} | AP33: {=IF(AM33="","",INDIRECT("'GRD-"&AO33&"'!$L$7"))} | AQ33: {=IFERROR(OFFSET($BZ$11,ROW($B33)-11,MATCH(AQ$10,$CA33:$FV33,0),),"")} | AR33: =IF(AQ33="","",IF(VLOOKUP($B33,INDIRECT("'GRD-"&AS33&"'!$B:$R"),16,FALSE)="","",VLOOKUP($B33,INDIRECT("'GRD-"&AS33&"'!$B:$R"),16,FALSE))) | AS33: {=IF(AQ33="","",IFERROR(OFFSET($BZ$11,0,MATCH($AQ33,$CA33:$FV33,0),),""))} | AT33: {=IF(AQ33="","",INDIRECT("'GRD-"&AS33&"'!$L$7"))} | AU33: {=IFERROR(OFFSET($BZ$11,ROW($B33)-11,MATCH(AU$10,$CA33:$FV33,0),),"")} | AV33: =IF(AU33="","",IF(VLOOKUP($B33,INDIRECT("'GRD-"&AW33&"'!$B:$R"),16,FALSE)="","",VLOOKUP($B33,INDIRECT("'GRD-"&AW33&"'!$B:$R"),16,FALSE))) | AW33: {=IF(AU33="","",IFERROR(OFFSET($BZ$11,0,MATCH($AU33,$CA33:$FV33,0),),""))} | AX33: {=IF(AU33="","",INDIRECT("'GRD-"&AW33&"'!$L$7"))} | AY33: {=IFERROR(OFFSET($BZ$11,ROW($B33)-11,MATCH(AY$10,$CA33:$FV33,0),),"")} | AZ33: =IF(AY33="","",IF(VLOOKUP($B33,INDIRECT("'GRD-"&BA33&"'!$B:$R"),16,FALSE)="","",VLOOKUP($B33,INDIRECT("'GRD-"&BA33&"'!$B:$R"),16,FALSE))) | BA33: {=IF(AY33="","",IFERROR(OFFSET($BZ$11,0,MATCH($AY33,$CA33:$FV33,0),),""))} | BB33: {=IF(AY33="","",INDIRECT("'GRD-"&BA33&"'!$L$7"))} | BC33: {=IFERROR(OFFSET($BZ$11,ROW($B33)-11,MATCH(BC$10,$CA33:$FV33,0),),"")} | BD33: =IF(BC33="","",IF(VLOOKUP($B33,INDIRECT("'GRD-"&BE33&"'!$B:$R"),16,FALSE)="","",VLOOKUP($B33,INDIRECT("'GRD-"&BE33&"'!$B:$R"),16,FALSE))) | BE33: {=IF(BC33="","",IFERROR(OFFSET($BZ$11,0,MATCH($BC33,$CA33:$FV33,0),),""))} | BF33: {=IF(BC33="","",INDIRECT("'GRD-"&BE33&"'!$L$7"))} | CA33: =IFERROR(VLOOKUP($B33,INDIRECT("'GRD-"&CA$11&"'!B:R"),15,FALSE),"") | CB33: =IFERROR(VLOOKUP($B33,INDIRECT("'GRD-"&CB$11&"'!B:R"),15,FALSE),"") | CC33: =IFERROR(VLOOKUP($B33,INDIRECT("'GRD-"&CC$11&"'!B:R"),15,FALSE),"") | CD33: =IFERROR(VLOOKUP($B33,INDIRECT("'GRD-"&CD$11&"'!B:R"),15,FALSE),"") | CE33: =IFERROR(VLOOKUP($B33,INDIRECT("'GRD-"&CE$11&"'!B:R"),15,FALSE),"") | CF33: =IFERROR(VLOOKUP($B33,INDIRECT("'GRD-"&CF$11&"'!B:R"),15,FALSE),"") | CG33: =IFERROR(VLOOKUP($B33,INDIRECT("'GRD-"&CG$11&"'!B:R"),15,FALSE),"") | CH33: =IFERROR(VLOOKUP($B33,INDIRECT("'GRD-"&CH$11&"'!B:R"),15,FALSE),"") | ... FV33: =IFERROR(VLOOKUP($B33,INDIRECT("'GRD-"&FV$11&"'!B:R"),15,FALSE),"")
D34: =IF(K34="","",MAX($CA34:$FV34)) | E34: {=IF($K34="","",OFFSET($A$1,ROW($B34)-1,11+$D34*4,))} | F34: {=IF($K34="","",OFFSET($A$1,ROW($B34)-1,12+$D34*4,))} | G34: {=IF($K34="","",OFFSET($A$1,ROW($B34)-1,13+$D34*4,))} | J34: =IF(I34="A4",H34/8,IF(I34="A3",H34/4,IF(I34="A2",H34/2,IF(I34="A1",H34/1,IF(I34="A0",H34*2,""))))) | K34: {=IFERROR(OFFSET($BZ$11,ROW($B34)-11,MATCH(K$10,$CA34:$FV34,0),),"")} | L34: =IF(K34="","",IF(VLOOKUP($B34,INDIRECT("'GRD-"&M34&"'!$B:$R"),16,FALSE)="","",VLOOKUP($B34,INDIRECT("'GRD-"&M34&"'!$B:$R"),16,FALSE))) | M34: {=IF(K34="","",IFERROR(OFFSET($BZ$11,0,MATCH($K34,$CA34:$FV34,0),),""))} | N34: {=IF(K34="","",INDIRECT("'GRD-"&M34&"'!$L$7"))} | O34: {=IFERROR(OFFSET($BZ$11,ROW($B34)-11,MATCH(O$10,$CA34:$FV34,0),),"")} | P34: =IF(O34="","",IF(VLOOKUP($B34,INDIRECT("'GRD-"&Q34&"'!$B:$R"),16,FALSE)="","",VLOOKUP($B34,INDIRECT("'GRD-"&Q34&"'!$B:$R"),16,FALSE))) | Q34: {=IF(O34="","",IFERROR(OFFSET($BZ$11,0,MATCH($O34,$CA34:$FV34,0),),""))} | R34: {=IF(O34="","",INDIRECT("'GRD-"&Q34&"'!$L$7"))} | S34: {=IFERROR(OFFSET($BZ$11,ROW($B34)-11,MATCH(S$10,$CA34:$FV34,0),),"")} | T34: =IF(S34="","",IF(VLOOKUP($B34,INDIRECT("'GRD-"&U34&"'!$B:$R"),16,FALSE)="","",VLOOKUP($B34,INDIRECT("'GRD-"&U34&"'!$B:$R"),16,FALSE))) | U34: {=IF(S34="","",IFERROR(OFFSET($BZ$11,0,MATCH($S34,$CA34:$FV34,0),),""))} | V34: {=IF(S34="","",INDIRECT("'GRD-"&U34&"'!$L$7"))} | W34: {=IFERROR(OFFSET($BZ$11,ROW($B34)-11,MATCH(W$10,$CA34:$FV34,0),),"")} | X34: =IF(W34="","",IF(VLOOKUP($B34,INDIRECT("'GRD-"&Y34&"'!$B:$R"),16,FALSE)="","",VLOOKUP($B34,INDIRECT("'GRD-"&Y34&"'!$B:$R"),16,FALSE))) | Y34: {=IF(W34="","",IFERROR(OFFSET($BZ$11,0,MATCH($W34,$CA34:$FV34,0),),""))} | Z34: {=IF(W34="","",INDIRECT("'GRD-"&Y34&"'!$L$7"))} | AA34: {=IFERROR(OFFSET($BZ$11,ROW($B34)-11,MATCH(AA$10,$CA34:$FV34,0),),"")} | AB34: =IF(AA34="","",IF(VLOOKUP($B34,INDIRECT("'GRD-"&AC34&"'!$B:$R"),16,FALSE)="","",VLOOKUP($B34,INDIRECT("'GRD-"&AC34&"'!$B:$R"),16,FALSE))) | AC34: {=IF(AA34="","",IFERROR(OFFSET($BZ$11,0,MATCH($AA34,$CA34:$FV34,0),),""))} | AD34: {=IF(AA34="","",INDIRECT("'GRD-"&AC34&"'!$L$7"))} | AE34: {=IFERROR(OFFSET($BZ$11,ROW($B34)-11,MATCH(AE$10,$CA34:$FV34,0),),"")} | AF34: =IF(AE34="","",IF(VLOOKUP($B34,INDIRECT("'GRD-"&AG34&"'!$B:$R"),16,FALSE)="","",VLOOKUP($B34,INDIRECT("'GRD-"&AG34&"'!$B:$R"),16,FALSE))) | AG34: {=IF(AE34="","",IFERROR(OFFSET($BZ$11,0,MATCH($AE34,$CA34:$FV34,0),),""))} | AH34: {=IF(AE34="","",INDIRECT("'GRD-"&AG34&"'!$L$7"))} | AI34: {=IFERROR(OFFSET($BZ$11,ROW($B34)-11,MATCH(AI$10,$CA34:$FV34,0),),"")} | AJ34: =IF(AI34="","",IF(VLOOKUP($B34,INDIRECT("'GRD-"&AK34&"'!$B:$R"),16,FALSE)="","",VLOOKUP($B34,INDIRECT("'GRD-"&AK34&"'!$B:$R"),16,FALSE))) | AK34: {=IF(AI34="","",IFERROR(OFFSET($BZ$11,0,MATCH($AI34,$CA34:$FV34,0),),""))} | AL34: {=IF(AI34="","",INDIRECT("'GRD-"&AK34&"'!$L$7"))} | AM34: {=IFERROR(OFFSET($BZ$11,ROW($B34)-11,MATCH(AM$10,$CA34:$FV34,0),),"")} | AN34: =IF(AM34="","",IF(VLOOKUP($B34,INDIRECT("'GRD-"&AO34&"'!$B:$R"),16,FALSE)="","",VLOOKUP($B34,INDIRECT("'GRD-"&AO34&"'!$B:$R"),16,FALSE))) | AO34: {=IF(AM34="","",IFERROR(OFFSET($BZ$11,0,MATCH($AM34,$CA34:$FV34,0),),""))} | AP34: {=IF(AM34="","",INDIRECT("'GRD-"&AO34&"'!$L$7"))} | AQ34: {=IFERROR(OFFSET($BZ$11,ROW($B34)-11,MATCH(AQ$10,$CA34:$FV34,0),),"")} | AR34: =IF(AQ34="","",IF(VLOOKUP($B34,INDIRECT("'GRD-"&AS34&"'!$B:$R"),16,FALSE)="","",VLOOKUP($B34,INDIRECT("'GRD-"&AS34&"'!$B:$R"),16,FALSE))) | AS34: {=IF(AQ34="","",IFERROR(OFFSET($BZ$11,0,MATCH($AQ34,$CA34:$FV34,0),),""))} | AT34: {=IF(AQ34="","",INDIRECT("'GRD-"&AS34&"'!$L$7"))} | AU34: {=IFERROR(OFFSET($BZ$11,ROW($B34)-11,MATCH(AU$10,$CA34:$FV34,0),),"")} | AV34: =IF(AU34="","",IF(VLOOKUP($B34,INDIRECT("'GRD-"&AW34&"'!$B:$R"),16,FALSE)="","",VLOOKUP($B34,INDIRECT("'GRD-"&AW34&"'!$B:$R"),16,FALSE))) | AW34: {=IF(AU34="","",IFERROR(OFFSET($BZ$11,0,MATCH($AU34,$CA34:$FV34,0),),""))} | AX34: {=IF(AU34="","",INDIRECT("'GRD-"&AW34&"'!$L$7"))} | AY34: {=IFERROR(OFFSET($BZ$11,ROW($B34)-11,MATCH(AY$10,$CA34:$FV34,0),),"")} | AZ34: =IF(AY34="","",IF(VLOOKUP($B34,INDIRECT("'GRD-"&BA34&"'!$B:$R"),16,FALSE)="","",VLOOKUP($B34,INDIRECT("'GRD-"&BA34&"'!$B:$R"),16,FALSE))) | BA34: {=IF(AY34="","",IFERROR(OFFSET($BZ$11,0,MATCH($AY34,$CA34:$FV34,0),),""))} | BB34: {=IF(AY34="","",INDIRECT("'GRD-"&BA34&"'!$L$7"))} | BC34: {=IFERROR(OFFSET($BZ$11,ROW($B34)-11,MATCH(BC$10,$CA34:$FV34,0),),"")} | BD34: =IF(BC34="","",IF(VLOOKUP($B34,INDIRECT("'GRD-"&BE34&"'!$B:$R"),16,FALSE)="","",VLOOKUP($B34,INDIRECT("'GRD-"&BE34&"'!$B:$R"),16,FALSE))) | BE34: {=IF(BC34="","",IFERROR(OFFSET($BZ$11,0,MATCH($BC34,$CA34:$FV34,0),),""))} | BF34: {=IF(BC34="","",INDIRECT("'GRD-"&BE34&"'!$L$7"))} | CA34: =IFERROR(VLOOKUP($B34,INDIRECT("'GRD-"&CA$11&"'!B:R"),15,FALSE),"") | CB34: =IFERROR(VLOOKUP($B34,INDIRECT("'GRD-"&CB$11&"'!B:R"),15,FALSE),"") | CC34: =IFERROR(VLOOKUP($B34,INDIRECT("'GRD-"&CC$11&"'!B:R"),15,FALSE),"") | CD34: =IFERROR(VLOOKUP($B34,INDIRECT("'GRD-"&CD$11&"'!B:R"),15,FALSE),"") | CE34: =IFERROR(VLOOKUP($B34,INDIRECT("'GRD-"&CE$11&"'!B:R"),15,FALSE),"") | CF34: =IFERROR(VLOOKUP($B34,INDIRECT("'GRD-"&CF$11&"'!B:R"),15,FALSE),"") | CG34: =IFERROR(VLOOKUP($B34,INDIRECT("'GRD-"&CG$11&"'!B:R"),15,FALSE),"") | CH34: =IFERROR(VLOOKUP($B34,INDIRECT("'GRD-"&CH$11&"'!B:R"),15,FALSE),"") | ... FV34: =IFERROR(VLOOKUP($B34,INDIRECT("'GRD-"&FV$11&"'!B:R"),15,FALSE),"")
D35: =IF(K35="","",MAX($CA35:$FV35)) | E35: {=IF($K35="","",OFFSET($A$1,ROW($B35)-1,11+$D35*4,))} | F35: {=IF($K35="","",OFFSET($A$1,ROW($B35)-1,12+$D35*4,))} | G35: {=IF($K35="","",OFFSET($A$1,ROW($B35)-1,13+$D35*4,))} | J35: =IF(I35="A4",H35/8,IF(I35="A3",H35/4,IF(I35="A2",H35/2,IF(I35="A1",H35/1,IF(I35="A0",H35*2,""))))) | K35: {=IFERROR(OFFSET($BZ$11,ROW($B35)-11,MATCH(K$10,$CA35:$FV35,0),),"")} | L35: =IF(K35="","",IF(VLOOKUP($B35,INDIRECT("'GRD-"&M35&"'!$B:$R"),16,FALSE)="","",VLOOKUP($B35,INDIRECT("'GRD-"&M35&"'!$B:$R"),16,FALSE))) | M35: {=IF(K35="","",IFERROR(OFFSET($BZ$11,0,MATCH($K35,$CA35:$FV35,0),),""))} | N35: {=IF(K35="","",INDIRECT("'GRD-"&M35&"'!$L$7"))} | O35: {=IFERROR(OFFSET($BZ$11,ROW($B35)-11,MATCH(O$10,$CA35:$FV35,0),),"")} | P35: =IF(O35="","",IF(VLOOKUP($B35,INDIRECT("'GRD-"&Q35&"'!$B:$R"),16,FALSE)="","",VLOOKUP($B35,INDIRECT("'GRD-"&Q35&"'!$B:$R"),16,FALSE))) | Q35: {=IF(O35="","",IFERROR(OFFSET($BZ$11,0,MATCH($O35,$CA35:$FV35,0),),""))} | R35: {=IF(O35="","",INDIRECT("'GRD-"&Q35&"'!$L$7"))} | S35: {=IFERROR(OFFSET($BZ$11,ROW($B35)-11,MATCH(S$10,$CA35:$FV35,0),),"")} | T35: =IF(S35="","",IF(VLOOKUP($B35,INDIRECT("'GRD-"&U35&"'!$B:$R"),16,FALSE)="","",VLOOKUP($B35,INDIRECT("'GRD-"&U35&"'!$B:$R"),16,FALSE))) | U35: {=IF(S35="","",IFERROR(OFFSET($BZ$11,0,MATCH($S35,$CA35:$FV35,0),),""))} | V35: {=IF(S35="","",INDIRECT("'GRD-"&U35&"'!$L$7"))} | W35: {=IFERROR(OFFSET($BZ$11,ROW($B35)-11,MATCH(W$10,$CA35:$FV35,0),),"")} | X35: =IF(W35="","",IF(VLOOKUP($B35,INDIRECT("'GRD-"&Y35&"'!$B:$R"),16,FALSE)="","",VLOOKUP($B35,INDIRECT("'GRD-"&Y35&"'!$B:$R"),16,FALSE))) | Y35: {=IF(W35="","",IFERROR(OFFSET($BZ$11,0,MATCH($W35,$CA35:$FV35,0),),""))} | Z35: {=IF(W35="","",INDIRECT("'GRD-"&Y35&"'!$L$7"))} | AA35: {=IFERROR(OFFSET($BZ$11,ROW($B35)-11,MATCH(AA$10,$CA35:$FV35,0),),"")} | AB35: =IF(AA35="","",IF(VLOOKUP($B35,INDIRECT("'GRD-"&AC35&"'!$B:$R"),16,FALSE)="","",VLOOKUP($B35,INDIRECT("'GRD-"&AC35&"'!$B:$R"),16,FALSE))) | AC35: {=IF(AA35="","",IFERROR(OFFSET($BZ$11,0,MATCH($AA35,$CA35:$FV35,0),),""))} | AD35: {=IF(AA35="","",INDIRECT("'GRD-"&AC35&"'!$L$7"))} | AE35: {=IFERROR(OFFSET($BZ$11,ROW($B35)-11,MATCH(AE$10,$CA35:$FV35,0),),"")} | AF35: =IF(AE35="","",IF(VLOOKUP($B35,INDIRECT("'GRD-"&AG35&"'!$B:$R"),16,FALSE)="","",VLOOKUP($B35,INDIRECT("'GRD-"&AG35&"'!$B:$R"),16,FALSE))) | AG35: {=IF(AE35="","",IFERROR(OFFSET($BZ$11,0,MATCH($AE35,$CA35:$FV35,0),),""))} | AH35: {=IF(AE35="","",INDIRECT("'GRD-"&AG35&"'!$L$7"))} | AI35: {=IFERROR(OFFSET($BZ$11,ROW($B35)-11,MATCH(AI$10,$CA35:$FV35,0),),"")} | AJ35: =IF(AI35="","",IF(VLOOKUP($B35,INDIRECT("'GRD-"&AK35&"'!$B:$R"),16,FALSE)="","",VLOOKUP($B35,INDIRECT("'GRD-"&AK35&"'!$B:$R"),16,FALSE))) | AK35: {=IF(AI35="","",IFERROR(OFFSET($BZ$11,0,MATCH($AI35,$CA35:$FV35,0),),""))} | AL35: {=IF(AI35="","",INDIRECT("'GRD-"&AK35&"'!$L$7"))} | AM35: {=IFERROR(OFFSET($BZ$11,ROW($B35)-11,MATCH(AM$10,$CA35:$FV35,0),),"")} | AN35: =IF(AM35="","",IF(VLOOKUP($B35,INDIRECT("'GRD-"&AO35&"'!$B:$R"),16,FALSE)="","",VLOOKUP($B35,INDIRECT("'GRD-"&AO35&"'!$B:$R"),16,FALSE))) | AO35: {=IF(AM35="","",IFERROR(OFFSET($BZ$11,0,MATCH($AM35,$CA35:$FV35,0),),""))} | AP35: {=IF(AM35="","",INDIRECT("'GRD-"&AO35&"'!$L$7"))} | AQ35: {=IFERROR(OFFSET($BZ$11,ROW($B35)-11,MATCH(AQ$10,$CA35:$FV35,0),),"")} | AR35: =IF(AQ35="","",IF(VLOOKUP($B35,INDIRECT("'GRD-"&AS35&"'!$B:$R"),16,FALSE)="","",VLOOKUP($B35,INDIRECT("'GRD-"&AS35&"'!$B:$R"),16,FALSE))) | AS35: {=IF(AQ35="","",IFERROR(OFFSET($BZ$11,0,MATCH($AQ35,$CA35:$FV35,0),),""))} | AT35: {=IF(AQ35="","",INDIRECT("'GRD-"&AS35&"'!$L$7"))} | AU35: {=IFERROR(OFFSET($BZ$11,ROW($B35)-11,MATCH(AU$10,$CA35:$FV35,0),),"")} | AV35: =IF(AU35="","",IF(VLOOKUP($B35,INDIRECT("'GRD-"&AW35&"'!$B:$R"),16,FALSE)="","",VLOOKUP($B35,INDIRECT("'GRD-"&AW35&"'!$B:$R"),16,FALSE))) | AW35: {=IF(AU35="","",IFERROR(OFFSET($BZ$11,0,MATCH($AU35,$CA35:$FV35,0),),""))} | AX35: {=IF(AU35="","",INDIRECT("'GRD-"&AW35&"'!$L$7"))} | AY35: {=IFERROR(OFFSET($BZ$11,ROW($B35)-11,MATCH(AY$10,$CA35:$FV35,0),),"")} | AZ35: =IF(AY35="","",IF(VLOOKUP($B35,INDIRECT("'GRD-"&BA35&"'!$B:$R"),16,FALSE)="","",VLOOKUP($B35,INDIRECT("'GRD-"&BA35&"'!$B:$R"),16,FALSE))) | BA35: {=IF(AY35="","",IFERROR(OFFSET($BZ$11,0,MATCH($AY35,$CA35:$FV35,0),),""))} | BB35: {=IF(AY35="","",INDIRECT("'GRD-"&BA35&"'!$L$7"))} | BC35: {=IFERROR(OFFSET($BZ$11,ROW($B35)-11,MATCH(BC$10,$CA35:$FV35,0),),"")} | BD35: =IF(BC35="","",IF(VLOOKUP($B35,INDIRECT("'GRD-"&BE35&"'!$B:$R"),16,FALSE)="","",VLOOKUP($B35,INDIRECT("'GRD-"&BE35&"'!$B:$R"),16,FALSE))) | BE35: {=IF(BC35="","",IFERROR(OFFSET($BZ$11,0,MATCH($BC35,$CA35:$FV35,0),),""))} | BF35: {=IF(BC35="","",INDIRECT("'GRD-"&BE35&"'!$L$7"))} | CA35: =IFERROR(VLOOKUP($B35,INDIRECT("'GRD-"&CA$11&"'!B:R"),15,FALSE),"") | CB35: =IFERROR(VLOOKUP($B35,INDIRECT("'GRD-"&CB$11&"'!B:R"),15,FALSE),"") | CC35: =IFERROR(VLOOKUP($B35,INDIRECT("'GRD-"&CC$11&"'!B:R"),15,FALSE),"") | CD35: =IFERROR(VLOOKUP($B35,INDIRECT("'GRD-"&CD$11&"'!B:R"),15,FALSE),"") | CE35: =IFERROR(VLOOKUP($B35,INDIRECT("'GRD-"&CE$11&"'!B:R"),15,FALSE),"") | CF35: =IFERROR(VLOOKUP($B35,INDIRECT("'GRD-"&CF$11&"'!B:R"),15,FALSE),"") | CG35: =IFERROR(VLOOKUP($B35,INDIRECT("'GRD-"&CG$11&"'!B:R"),15,FALSE),"") | CH35: =IFERROR(VLOOKUP($B35,INDIRECT("'GRD-"&CH$11&"'!B:R"),15,FALSE),"") | ... FV35: =IFERROR(VLOOKUP($B35,INDIRECT("'GRD-"&FV$11&"'!B:R"),15,FALSE),"")
D36: =IF(K36="","",MAX($CA36:$FV36)) | E36: {=IF($K36="","",OFFSET($A$1,ROW($B36)-1,11+$D36*4,))} | F36: {=IF($K36="","",OFFSET($A$1,ROW($B36)-1,12+$D36*4,))} | G36: {=IF($K36="","",OFFSET($A$1,ROW($B36)-1,13+$D36*4,))} | J36: =IF(I36="A4",H36/8,IF(I36="A3",H36/4,IF(I36="A2",H36/2,IF(I36="A1",H36/1,IF(I36="A0",H36*2,""))))) | K36: {=IFERROR(OFFSET($BZ$11,ROW($B36)-11,MATCH(K$10,$CA36:$FV36,0),),"")} | L36: =IF(K36="","",IF(VLOOKUP($B36,INDIRECT("'GRD-"&M36&"'!$B:$R"),16,FALSE)="","",VLOOKUP($B36,INDIRECT("'GRD-"&M36&"'!$B:$R"),16,FALSE))) | M36: {=IF(K36="","",IFERROR(OFFSET($BZ$11,0,MATCH($K36,$CA36:$FV36,0),),""))} | N36: {=IF(K36="","",INDIRECT("'GRD-"&M36&"'!$L$7"))} | O36: {=IFERROR(OFFSET($BZ$11,ROW($B36)-11,MATCH(O$10,$CA36:$FV36,0),),"")} | P36: =IF(O36="","",IF(VLOOKUP($B36,INDIRECT("'GRD-"&Q36&"'!$B:$R"),16,FALSE)="","",VLOOKUP($B36,INDIRECT("'GRD-"&Q36&"'!$B:$R"),16,FALSE))) | Q36: {=IF(O36="","",IFERROR(OFFSET($BZ$11,0,MATCH($O36,$CA36:$FV36,0),),""))} | R36: {=IF(O36="","",INDIRECT("'GRD-"&Q36&"'!$L$7"))} | S36: {=IFERROR(OFFSET($BZ$11,ROW($B36)-11,MATCH(S$10,$CA36:$FV36,0),),"")} | T36: =IF(S36="","",IF(VLOOKUP($B36,INDIRECT("'GRD-"&U36&"'!$B:$R"),16,FALSE)="","",VLOOKUP($B36,INDIRECT("'GRD-"&U36&"'!$B:$R"),16,FALSE))) | U36: {=IF(S36="","",IFERROR(OFFSET($BZ$11,0,MATCH($S36,$CA36:$FV36,0),),""))} | V36: {=IF(S36="","",INDIRECT("'GRD-"&U36&"'!$L$7"))} | W36: {=IFERROR(OFFSET($BZ$11,ROW($B36)-11,MATCH(W$10,$CA36:$FV36,0),),"")} | X36: =IF(W36="","",IF(VLOOKUP($B36,INDIRECT("'GRD-"&Y36&"'!$B:$R"),16,FALSE)="","",VLOOKUP($B36,INDIRECT("'GRD-"&Y36&"'!$B:$R"),16,FALSE))) | Y36: {=IF(W36="","",IFERROR(OFFSET($BZ$11,0,MATCH($W36,$CA36:$FV36,0),),""))} | Z36: {=IF(W36="","",INDIRECT("'GRD-"&Y36&"'!$L$7"))} | AA36: {=IFERROR(OFFSET($BZ$11,ROW($B36)-11,MATCH(AA$10,$CA36:$FV36,0),),"")} | AB36: =IF(AA36="","",IF(VLOOKUP($B36,INDIRECT("'GRD-"&AC36&"'!$B:$R"),16,FALSE)="","",VLOOKUP($B36,INDIRECT("'GRD-"&AC36&"'!$B:$R"),16,FALSE))) | AC36: {=IF(AA36="","",IFERROR(OFFSET($BZ$11,0,MATCH($AA36,$CA36:$FV36,0),),""))} | AD36: {=IF(AA36="","",INDIRECT("'GRD-"&AC36&"'!$L$7"))} | AE36: {=IFERROR(OFFSET($BZ$11,ROW($B36)-11,MATCH(AE$10,$CA36:$FV36,0),),"")} | AF36: =IF(AE36="","",IF(VLOOKUP($B36,INDIRECT("'GRD-"&AG36&"'!$B:$R"),16,FALSE)="","",VLOOKUP($B36,INDIRECT("'GRD-"&AG36&"'!$B:$R"),16,FALSE))) | AG36: {=IF(AE36="","",IFERROR(OFFSET($BZ$11,0,MATCH($AE36,$CA36:$FV36,0),),""))} | AH36: {=IF(AE36="","",INDIRECT("'GRD-"&AG36&"'!$L$7"))} | AI36: {=IFERROR(OFFSET($BZ$11,ROW($B36)-11,MATCH(AI$10,$CA36:$FV36,0),),"")} | AJ36: =IF(AI36="","",IF(VLOOKUP($B36,INDIRECT("'GRD-"&AK36&"'!$B:$R"),16,FALSE)="","",VLOOKUP($B36,INDIRECT("'GRD-"&AK36&"'!$B:$R"),16,FALSE))) | AK36: {=IF(AI36="","",IFERROR(OFFSET($BZ$11,0,MATCH($AI36,$CA36:$FV36,0),),""))} | AL36: {=IF(AI36="","",INDIRECT("'GRD-"&AK36&"'!$L$7"))} | AM36: {=IFERROR(OFFSET($BZ$11,ROW($B36)-11,MATCH(AM$10,$CA36:$FV36,0),),"")} | AN36: =IF(AM36="","",IF(VLOOKUP($B36,INDIRECT("'GRD-"&AO36&"'!$B:$R"),16,FALSE)="","",VLOOKUP($B36,INDIRECT("'GRD-"&AO36&"'!$B:$R"),16,FALSE))) | AO36: {=IF(AM36="","",IFERROR(OFFSET($BZ$11,0,MATCH($AM36,$CA36:$FV36,0),),""))} | AP36: {=IF(AM36="","",INDIRECT("'GRD-"&AO36&"'!$L$7"))} | AQ36: {=IFERROR(OFFSET($BZ$11,ROW($B36)-11,MATCH(AQ$10,$CA36:$FV36,0),),"")} | AR36: =IF(AQ36="","",IF(VLOOKUP($B36,INDIRECT("'GRD-"&AS36&"'!$B:$R"),16,FALSE)="","",VLOOKUP($B36,INDIRECT("'GRD-"&AS36&"'!$B:$R"),16,FALSE))) | AS36: {=IF(AQ36="","",IFERROR(OFFSET($BZ$11,0,MATCH($AQ36,$CA36:$FV36,0),),""))} | AT36: {=IF(AQ36="","",INDIRECT("'GRD-"&AS36&"'!$L$7"))} | AU36: {=IFERROR(OFFSET($BZ$11,ROW($B36)-11,MATCH(AU$10,$CA36:$FV36,0),),"")} | AV36: =IF(AU36="","",IF(VLOOKUP($B36,INDIRECT("'GRD-"&AW36&"'!$B:$R"),16,FALSE)="","",VLOOKUP($B36,INDIRECT("'GRD-"&AW36&"'!$B:$R"),16,FALSE))) | AW36: {=IF(AU36="","",IFERROR(OFFSET($BZ$11,0,MATCH($AU36,$CA36:$FV36,0),),""))} | AX36: {=IF(AU36="","",INDIRECT("'GRD-"&AW36&"'!$L$7"))} | AY36: {=IFERROR(OFFSET($BZ$11,ROW($B36)-11,MATCH(AY$10,$CA36:$FV36,0),),"")} | AZ36: =IF(AY36="","",IF(VLOOKUP($B36,INDIRECT("'GRD-"&BA36&"'!$B:$R"),16,FALSE)="","",VLOOKUP($B36,INDIRECT("'GRD-"&BA36&"'!$B:$R"),16,FALSE))) | BA36: {=IF(AY36="","",IFERROR(OFFSET($BZ$11,0,MATCH($AY36,$CA36:$FV36,0),),""))} | BB36: {=IF(AY36="","",INDIRECT("'GRD-"&BA36&"'!$L$7"))} | BC36: {=IFERROR(OFFSET($BZ$11,ROW($B36)-11,MATCH(BC$10,$CA36:$FV36,0),),"")} | BD36: =IF(BC36="","",IF(VLOOKUP($B36,INDIRECT("'GRD-"&BE36&"'!$B:$R"),16,FALSE)="","",VLOOKUP($B36,INDIRECT("'GRD-"&BE36&"'!$B:$R"),16,FALSE))) | BE36: {=IF(BC36="","",IFERROR(OFFSET($BZ$11,0,MATCH($BC36,$CA36:$FV36,0),),""))} | BF36: {=IF(BC36="","",INDIRECT("'GRD-"&BE36&"'!$L$7"))} | CA36: =IFERROR(VLOOKUP($B36,INDIRECT("'GRD-"&CA$11&"'!B:R"),15,FALSE),"") | CB36: =IFERROR(VLOOKUP($B36,INDIRECT("'GRD-"&CB$11&"'!B:R"),15,FALSE),"") | CC36: =IFERROR(VLOOKUP($B36,INDIRECT("'GRD-"&CC$11&"'!B:R"),15,FALSE),"") | CD36: =IFERROR(VLOOKUP($B36,INDIRECT("'GRD-"&CD$11&"'!B:R"),15,FALSE),"") | CE36: =IFERROR(VLOOKUP($B36,INDIRECT("'GRD-"&CE$11&"'!B:R"),15,FALSE),"") | CF36: =IFERROR(VLOOKUP($B36,INDIRECT("'GRD-"&CF$11&"'!B:R"),15,FALSE),"") | CG36: =IFERROR(VLOOKUP($B36,INDIRECT("'GRD-"&CG$11&"'!B:R"),15,FALSE),"") | CH36: =IFERROR(VLOOKUP($B36,INDIRECT("'GRD-"&CH$11&"'!B:R"),15,FALSE),"") | ... FV36: =IFERROR(VLOOKUP($B36,INDIRECT("'GRD-"&FV$11&"'!B:R"),15,FALSE),"")
D37: =IF(K37="","",MAX($CA37:$FV37)) | E37: {=IF($K37="","",OFFSET($A$1,ROW($B37)-1,11+$D37*4,))} | F37: {=IF($K37="","",OFFSET($A$1,ROW($B37)-1,12+$D37*4,))} | G37: {=IF($K37="","",OFFSET($A$1,ROW($B37)-1,13+$D37*4,))} | J37: =IF(I37="A4",H37/8,IF(I37="A3",H37/4,IF(I37="A2",H37/2,IF(I37="A1",H37/1,IF(I37="A0",H37*2,""))))) | K37: {=IFERROR(OFFSET($BZ$11,ROW($B37)-11,MATCH(K$10,$CA37:$FV37,0),),"")} | L37: =IF(K37="","",IF(VLOOKUP($B37,INDIRECT("'GRD-"&M37&"'!$B:$R"),16,FALSE)="","",VLOOKUP($B37,INDIRECT("'GRD-"&M37&"'!$B:$R"),16,FALSE))) | M37: {=IF(K37="","",IFERROR(OFFSET($BZ$11,0,MATCH($K37,$CA37:$FV37,0),),""))} | N37: {=IF(K37="","",INDIRECT("'GRD-"&M37&"'!$L$7"))} | O37: {=IFERROR(OFFSET($BZ$11,ROW($B37)-11,MATCH(O$10,$CA37:$FV37,0),),"")} | P37: =IF(O37="","",IF(VLOOKUP($B37,INDIRECT("'GRD-"&Q37&"'!$B:$R"),16,FALSE)="","",VLOOKUP($B37,INDIRECT("'GRD-"&Q37&"'!$B:$R"),16,FALSE))) | Q37: {=IF(O37="","",IFERROR(OFFSET($BZ$11,0,MATCH($O37,$CA37:$FV37,0),),""))} | R37: {=IF(O37="","",INDIRECT("'GRD-"&Q37&"'!$L$7"))} | S37: {=IFERROR(OFFSET($BZ$11,ROW($B37)-11,MATCH(S$10,$CA37:$FV37,0),),"")} | T37: =IF(S37="","",IF(VLOOKUP($B37,INDIRECT("'GRD-"&U37&"'!$B:$R"),16,FALSE)="","",VLOOKUP($B37,INDIRECT("'GRD-"&U37&"'!$B:$R"),16,FALSE))) | U37: {=IF(S37="","",IFERROR(OFFSET($BZ$11,0,MATCH($S37,$CA37:$FV37,0),),""))} | V37: {=IF(S37="","",INDIRECT("'GRD-"&U37&"'!$L$7"))} | W37: {=IFERROR(OFFSET($BZ$11,ROW($B37)-11,MATCH(W$10,$CA37:$FV37,0),),"")} | X37: =IF(W37="","",IF(VLOOKUP($B37,INDIRECT("'GRD-"&Y37&"'!$B:$R"),16,FALSE)="","",VLOOKUP($B37,INDIRECT("'GRD-"&Y37&"'!$B:$R"),16,FALSE))) | Y37: {=IF(W37="","",IFERROR(OFFSET($BZ$11,0,MATCH($W37,$CA37:$FV37,0),),""))} | Z37: {=IF(W37="","",INDIRECT("'GRD-"&Y37&"'!$L$7"))} | AA37: {=IFERROR(OFFSET($BZ$11,ROW($B37)-11,MATCH(AA$10,$CA37:$FV37,0),),"")} | AB37: =IF(AA37="","",IF(VLOOKUP($B37,INDIRECT("'GRD-"&AC37&"'!$B:$R"),16,FALSE)="","",VLOOKUP($B37,INDIRECT("'GRD-"&AC37&"'!$B:$R"),16,FALSE))) | AC37: {=IF(AA37="","",IFERROR(OFFSET($BZ$11,0,MATCH($AA37,$CA37:$FV37,0),),""))} | AD37: {=IF(AA37="","",INDIRECT("'GRD-"&AC37&"'!$L$7"))} | AE37: {=IFERROR(OFFSET($BZ$11,ROW($B37)-11,MATCH(AE$10,$CA37:$FV37,0),),"")} | AF37: =IF(AE37="","",IF(VLOOKUP($B37,INDIRECT("'GRD-"&AG37&"'!$B:$R"),16,FALSE)="","",VLOOKUP($B37,INDIRECT("'GRD-"&AG37&"'!$B:$R"),16,FALSE))) | AG37: {=IF(AE37="","",IFERROR(OFFSET($BZ$11,0,MATCH($AE37,$CA37:$FV37,0),),""))} | AH37: {=IF(AE37="","",INDIRECT("'GRD-"&AG37&"'!$L$7"))} | AI37: {=IFERROR(OFFSET($BZ$11,ROW($B37)-11,MATCH(AI$10,$CA37:$FV37,0),),"")} | AJ37: =IF(AI37="","",IF(VLOOKUP($B37,INDIRECT("'GRD-"&AK37&"'!$B:$R"),16,FALSE)="","",VLOOKUP($B37,INDIRECT("'GRD-"&AK37&"'!$B:$R"),16,FALSE))) | AK37: {=IF(AI37="","",IFERROR(OFFSET($BZ$11,0,MATCH($AI37,$CA37:$FV37,0),),""))} | AL37: {=IF(AI37="","",INDIRECT("'GRD-"&AK37&"'!$L$7"))} | AM37: {=IFERROR(OFFSET($BZ$11,ROW($B37)-11,MATCH(AM$10,$CA37:$FV37,0),),"")} | AN37: =IF(AM37="","",IF(VLOOKUP($B37,INDIRECT("'GRD-"&AO37&"'!$B:$R"),16,FALSE)="","",VLOOKUP($B37,INDIRECT("'GRD-"&AO37&"'!$B:$R"),16,FALSE))) | AO37: {=IF(AM37="","",IFERROR(OFFSET($BZ$11,0,MATCH($AM37,$CA37:$FV37,0),),""))} | AP37: {=IF(AM37="","",INDIRECT("'GRD-"&AO37&"'!$L$7"))} | AQ37: {=IFERROR(OFFSET($BZ$11,ROW($B37)-11,MATCH(AQ$10,$CA37:$FV37,0),),"")} | AR37: =IF(AQ37="","",IF(VLOOKUP($B37,INDIRECT("'GRD-"&AS37&"'!$B:$R"),16,FALSE)="","",VLOOKUP($B37,INDIRECT("'GRD-"&AS37&"'!$B:$R"),16,FALSE))) | AS37: {=IF(AQ37="","",IFERROR(OFFSET($BZ$11,0,MATCH($AQ37,$CA37:$FV37,0),),""))} | AT37: {=IF(AQ37="","",INDIRECT("'GRD-"&AS37&"'!$L$7"))} | AU37: {=IFERROR(OFFSET($BZ$11,ROW($B37)-11,MATCH(AU$10,$CA37:$FV37,0),),"")} | AV37: =IF(AU37="","",IF(VLOOKUP($B37,INDIRECT("'GRD-"&AW37&"'!$B:$R"),16,FALSE)="","",VLOOKUP($B37,INDIRECT("'GRD-"&AW37&"'!$B:$R"),16,FALSE))) | AW37: {=IF(AU37="","",IFERROR(OFFSET($BZ$11,0,MATCH($AU37,$CA37:$FV37,0),),""))} | AX37: {=IF(AU37="","",INDIRECT("'GRD-"&AW37&"'!$L$7"))} | AY37: {=IFERROR(OFFSET($BZ$11,ROW($B37)-11,MATCH(AY$10,$CA37:$FV37,0),),"")} | AZ37: =IF(AY37="","",IF(VLOOKUP($B37,INDIRECT("'GRD-"&BA37&"'!$B:$R"),16,FALSE)="","",VLOOKUP($B37,INDIRECT("'GRD-"&BA37&"'!$B:$R"),16,FALSE))) | BA37: {=IF(AY37="","",IFERROR(OFFSET($BZ$11,0,MATCH($AY37,$CA37:$FV37,0),),""))} | BB37: {=IF(AY37="","",INDIRECT("'GRD-"&BA37&"'!$L$7"))} | BC37: {=IFERROR(OFFSET($BZ$11,ROW($B37)-11,MATCH(BC$10,$CA37:$FV37,0),),"")} | BD37: =IF(BC37="","",IF(VLOOKUP($B37,INDIRECT("'GRD-"&BE37&"'!$B:$R"),16,FALSE)="","",VLOOKUP($B37,INDIRECT("'GRD-"&BE37&"'!$B:$R"),16,FALSE))) | BE37: {=IF(BC37="","",IFERROR(OFFSET($BZ$11,0,MATCH($BC37,$CA37:$FV37,0),),""))} | BF37: {=IF(BC37="","",INDIRECT("'GRD-"&BE37&"'!$L$7"))} | CA37: =IFERROR(VLOOKUP($B37,INDIRECT("'GRD-"&CA$11&"'!B:R"),15,FALSE),"") | CB37: =IFERROR(VLOOKUP($B37,INDIRECT("'GRD-"&CB$11&"'!B:R"),15,FALSE),"") | CC37: =IFERROR(VLOOKUP($B37,INDIRECT("'GRD-"&CC$11&"'!B:R"),15,FALSE),"") | CD37: =IFERROR(VLOOKUP($B37,INDIRECT("'GRD-"&CD$11&"'!B:R"),15,FALSE),"") | CE37: =IFERROR(VLOOKUP($B37,INDIRECT("'GRD-"&CE$11&"'!B:R"),15,FALSE),"") | CF37: =IFERROR(VLOOKUP($B37,INDIRECT("'GRD-"&CF$11&"'!B:R"),15,FALSE),"") | CG37: =IFERROR(VLOOKUP($B37,INDIRECT("'GRD-"&CG$11&"'!B:R"),15,FALSE),"") | CH37: =IFERROR(VLOOKUP($B37,INDIRECT("'GRD-"&CH$11&"'!B:R"),15,FALSE),"") | ... FV37: =IFERROR(VLOOKUP($B37,INDIRECT("'GRD-"&FV$11&"'!B:R"),15,FALSE),"")
... D300: =IF(K300="","",MAX($CA300:$FV300)) | E300: {=IF($K300="","",OFFSET($A$1,ROW($B300)-1,11+$D300*4,))} | F300: {=IF($K300="","",OFFSET($A$1,ROW($B300)-1,12+$D300*4,))} | G300: {=IF($K300="","",OFFSET($A$1,ROW($B300)-1,13+$D300*4,))} | J300: =IF(I300="A4",H300/8,IF(I300="A3",H300/4,IF(I300="A2",H300/2,IF(I300="A1",H300/1,IF(I300="A0",H300*2,""))))) | K300: {=IFERROR(OFFSET($BZ$11,ROW($B300)-11,MATCH(K$10,$CA300:$FV300,0),),"")} | L300: =IF(K300="","",IF(VLOOKUP($B300,INDIRECT("'GRD-"&M300&"'!$B:$R"),16,FALSE)="","",VLOOKUP($B300,INDIRECT("'GRD-"&M300&"'!$B:$R"),16,FALSE))) | M300: {=IF(K300="","",IFERROR(OFFSET($BZ$11,0,MATCH($K300,$CA300:$FV300,0),),""))} | N300: {=IF(K300="","",INDIRECT("'GRD-"&M300&"'!$L$7"))} | O300: {=IFERROR(OFFSET($BZ$11,ROW($B300)-11,MATCH(O$10,$CA300:$FV300,0),),"")} | P300: =IF(O300="","",IF(VLOOKUP($B300,INDIRECT("'GRD-"&Q300&"'!$B:$R"),16,FALSE)="","",VLOOKUP($B300,INDIRECT("'GRD-"&Q300&"'!$B:$R"),16,FALSE))) | Q300: {=IF(O300="","",IFERROR(OFFSET($BZ$11,0,MATCH($O300,$CA300:$FV300,0),),""))} | R300: {=IF(O300="","",INDIRECT("'GRD-"&Q300&"'!$L$7"))} | S300: {=IFERROR(OFFSET($BZ$11,ROW($B300)-11,MATCH(S$10,$CA300:$FV300,0),),"")} | T300: =IF(S300="","",IF(VLOOKUP($B300,INDIRECT("'GRD-"&U300&"'!$B:$R"),16,FALSE)="","",VLOOKUP($B300,INDIRECT("'GRD-"&U300&"'!$B:$R"),16,FALSE))) | U300: {=IF(S300="","",IFERROR(OFFSET($BZ$11,0,MATCH($S300,$CA300:$FV300,0),),""))} | V300: {=IF(S300="","",INDIRECT("'GRD-"&U300&"'!$L$7"))} | W300: {=IFERROR(OFFSET($BZ$11,ROW($B300)-11,MATCH(W$10,$CA300:$FV300,0),),"")} | X300: =IF(W300="","",IF(VLOOKUP($B300,INDIRECT("'GRD-"&Y300&"'!$B:$R"),16,FALSE)="","",VLOOKUP($B300,INDIRECT("'GRD-"&Y300&"'!$B:$R"),16,FALSE))) | Y300: {=IF(W300="","",IFERROR(OFFSET($BZ$11,0,MATCH($W300,$CA300:$FV300,0),),""))} | Z300: {=IF(W300="","",INDIRECT("'GRD-"&Y300&"'!$L$7"))} | AA300: {=IFERROR(OFFSET($BZ$11,ROW($B300)-11,MATCH(AA$10,$CA300:$FV300,0),),"")} | AB300: =IF(AA300="","",IF(VLOOKUP($B300,INDIRECT("'GRD-"&AC300&"'!$B:$R"),16,FALSE)="","",VLOOKUP($B300,INDIRECT("'GRD-"&AC300&"'!$B:$R"),16,FALSE))) | AC300: {=IF(AA300="","",IFERROR(OFFSET($BZ$11,0,MATCH($AA300,$CA300:$FV300,0),),""))} | AD300: {=IF(AA300="","",INDIRECT("'GRD-"&AC300&"'!$L$7"))} | AE300: {=IFERROR(OFFSET($BZ$11,ROW($B300)-11,MATCH(AE$10,$CA300:$FV300,0),),"")} | AF300: =IF(AE300="","",IF(VLOOKUP($B300,INDIRECT("'GRD-"&AG300&"'!$B:$R"),16,FALSE)="","",VLOOKUP($B300,INDIRECT("'GRD-"&AG300&"'!$B:$R"),16,FALSE))) | AG300: {=IF(AE300="","",IFERROR(OFFSET($BZ$11,0,MATCH($AE300,$CA300:$FV300,0),),""))} | AH300: {=IF(AE300="","",INDIRECT("'GRD-"&AG300&"'!$L$7"))} | AI300: {=IFERROR(OFFSET($BZ$11,ROW($B300)-11,MATCH(AI$10,$CA300:$FV300,0),),"")} | AJ300: =IF(AI300="","",IF(VLOOKUP($B300,INDIRECT("'GRD-"&AK300&"'!$B:$R"),16,FALSE)="","",VLOOKUP($B300,INDIRECT("'GRD-"&AK300&"'!$B:$R"),16,FALSE))) | AK300: {=IF(AI300="","",IFERROR(OFFSET($BZ$11,0,MATCH($AI300,$CA300:$FV300,0),),""))} | AL300: {=IF(AI300="","",INDIRECT("'GRD-"&AK300&"'!$L$7"))} | AM300: {=IFERROR(OFFSET($BZ$11,ROW($B300)-11,MATCH(AM$10,$CA300:$FV300,0),),"")} | AN300: =IF(AM300="","",IF(VLOOKUP($B300,INDIRECT("'GRD-"&AO300&"'!$B:$R"),16,FALSE)="","",VLOOKUP($B300,INDIRECT("'GRD-"&AO300&"'!$B:$R"),16,FALSE))) | AO300: {=IF(AM300="","",IFERROR(OFFSET($BZ$11,0,MATCH($AM300,$CA300:$FV300,0),),""))} | AP300: {=IF(AM300="","",INDIRECT("'GRD-"&AO300&"'!$L$7"))} | AQ300: {=IFERROR(OFFSET($BZ$11,ROW($B300)-11,MATCH(AQ$10,$CA300:$FV300,0),),"")} | AR300: =IF(AQ300="","",IF(VLOOKUP($B300,INDIRECT("'GRD-"&AS300&"'!$B:$R"),16,FALSE)="","",VLOOKUP($B300,INDIRECT("'GRD-"&AS300&"'!$B:$R"),16,FALSE))) | AS300: {=IF(AQ300="","",IFERROR(OFFSET($BZ$11,0,MATCH($AQ300,$CA300:$FV300,0),),""))} | AT300: {=IF(AQ300="","",INDIRECT("'GRD-"&AS300&"'!$L$7"))} | AU300: {=IFERROR(OFFSET($BZ$11,ROW($B300)-11,MATCH(AU$10,$CA300:$FV300,0),),"")} | AV300: =IF(AU300="","",IF(VLOOKUP($B300,INDIRECT("'GRD-"&AW300&"'!$B:$R"),16,FALSE)="","",VLOOKUP($B300,INDIRECT("'GRD-"&AW300&"'!$B:$R"),16,FALSE))) | AW300: {=IF(AU300="","",IFERROR(OFFSET($BZ$11,0,MATCH($AU300,$CA300:$FV300,0),),""))} | AX300: {=IF(AU300="","",INDIRECT("'GRD-"&AW300&"'!$L$7"))} | AY300: {=IFERROR(OFFSET($BZ$11,ROW($B300)-11,MATCH(AY$10,$CA300:$FV300,0),),"")} | AZ300: =IF(AY300="","",IF(VLOOKUP($B300,INDIRECT("'GRD-"&BA300&"'!$B:$R"),16,FALSE)="","",VLOOKUP($B300,INDIRECT("'GRD-"&BA300&"'!$B:$R"),16,FALSE))) | BA300: {=IF(AY300="","",IFERROR(OFFSET($BZ$11,0,MATCH($AY300,$CA300:$FV300,0),),""))} | BB300: {=IF(AY300="","",INDIRECT("'GRD-"&BA300&"'!$L$7"))} | BC300: {=IFERROR(OFFSET($BZ$11,ROW($B300)-11,MATCH(BC$10,$CA300:$FV300,0),),"")} | BD300: =IF(BC300="","",IF(VLOOKUP($B300,INDIRECT("'GRD-"&BE300&"'!$B:$R"),16,FALSE)="","",VLOOKUP($B300,INDIRECT("'GRD-"&BE300&"'!$B:$R"),16,FALSE))) | BE300: {=IF(BC300="","",IFERROR(OFFSET($BZ$11,0,MATCH($BC300,$CA300:$FV300,0),),""))} | BF300: {=IF(BC300="","",INDIRECT("'GRD-"&BE300&"'!$L$7"))} | CA300: =IFERROR(VLOOKUP($B300,INDIRECT("'GRD-"&CA$11&"'!B:R"),15,FALSE),"") | CB300: =IFERROR(VLOOKUP($B300,INDIRECT("'GRD-"&CB$11&"'!B:R"),15,FALSE),"") | CC300: =IFERROR(VLOOKUP($B300,INDIRECT("'GRD-"&CC$11&"'!B:R"),15,FALSE),"") | CD300: =IFERROR(VLOOKUP($B300,INDIRECT("'GRD-"&CD$11&"'!B:R"),15,FALSE),"") | CE300: =IFERROR(VLOOKUP($B300,INDIRECT("'GRD-"&CE$11&"'!B:R"),15,FALSE),"") | CF300: =IFERROR(VLOOKUP($B300,INDIRECT("'GRD-"&CF$11&"'!B:R"),15,FALSE),"") | CG300: =IFERROR(VLOOKUP($B300,INDIRECT("'GRD-"&CG$11&"'!B:R"),15,FALSE),"") | CH300: =IFERROR(VLOOKUP($B300,INDIRECT("'GRD-"&CH$11&"'!B:R"),15,FALSE),"") | ... FV300: =IFERROR(VLOOKUP($B300,INDIRECT("'GRD-"&FV$11&"'!B:R"),15,FALSE),"")

Sheet Estrutura (2027)
E2: SIGLA DA EMPRESA | G2: NÚMERO PROJETO | I2: CÓDIGO FASE | J2: CÓDIGO DA MACRO ÁREA | K2: CÓDIGO ÁREA | M2: CÓDIGO DISCIPLINA | O2: CÓDIGO TIPO DE DOCUMENTO | Q2: Nº FAIXA DO DOCUMENTO | S2: Nº REVISÃO EM QUE SE ENCONTRA O DOCUMENTO
E4: IFS | F4: - | G4: 26XX | H4: - | I4: X | J4: X | K4: X | L4: - | M4: XXX | N4: - | O4: XX | P4: - | Q4: XXXX | R4: _ | S4: R0 | X4: GERADOR
B9: CÓDIGO FASE | F9: CÓDIGO MACROÁREA | J9: CÓDIGO ÁREA | N9: CÓDIGO DISCIPLINA | S9: CÓDIGO TIPO DE DOCUMENTO
B12: 0 | C12: VIABILIDADE | F12: 1 | G12: GERAL | J12: 0 | K12: GERAL | N12: CIV | O12: CIVIL | S12: CP | T12: CRITÉRIO DE PROJETO
B13: 1 | C13: CONCEITUAL/ ANTEPROJETO | F13: 2 | G13: PORTO | J13: 1 | K13: Ex.: OFFSHORE | N13: ARM | O13: ARMADURA | S13: CR | T13: CRONOGRAMA
B14: 2 | C14: BÁSICO | F14: 3 | G14: AEROPORTO | J14: 2 | K14: Ex.: ONSHORE | N14: MET | O14: ESTRUTURAS METÁLICAS | S14: CX | T14: CAPEX
B15: 3 | C15: EXECUTIVO | F15: 4 | G15: RODOVIA | J15: 3 | K15: Ex.: GERAL | N15: FAS | O15: FASEAMENTO/METODOLOGIA | S15: DE | T15: DESENHO
B16: 4 | C16: (DISPONÍVEL) | F16: 5 | G16: FERROVIA | J16: 4 | K16: Ex.: ÁREA DE LAVAGEM | N16: FOR | O16: FORMA | S16: DO | T16: DIÁRIO DE OBRA (FISCALIZAÇÃO)
B17: 5 | C17: GERENCIAMENTO | F17: 6 | G17: (DISPONÍVEL) | J17: 5 | K17: Ex.: PONTE DE ACESSO | N17: AMB | O17: AMBIENTAL | S17: ES | T17: ESPECIFICAÇÃO SERVIÇO
B18: 6 | C18: FISCALIZAÇÃO | F18: 7 | G18: (DISPONÍVEL) | J18: 6 | K18: Ex.: GERAL | N18: DES | O18: DESAPROPRIAÇÃO | S18: ET | T18: ESPECIFICAÇÃO TÉCNICA
B19: 7 | C19: LAUDO | F19: 8 | G19: (DISPONÍVEL) | J19: 7 | K19: Ex.: BUCAREIN | N19: DRE | O19: DRENAGEM | S19: FL | T19: FLUXOGRAMA
B20: 8 | C20: AVAL. TÉC. PROJ. (ATP) | F20: 9 | G20: OUTROS | J20: 8 | K20: Ex.: ESPINHEROS | N20: GEO | O20: GEOMÉTRICO | S20: LD | T20: LISTA DOCUMENTOS
B21: 9 | C21: OUTROS | J21: 9 | K21: Ex.: VIGORELLI | N21: ILU | O21: ILUMINAÇÃO | S21: MC | T21: MEMÓRIA DE CÁLCULO
N22: INT | O22: INTERFERÊNCIAS | S22: MD | T22: MEMORIAL DESCRITIVO
N23: OAE | O23: OBRA DE ARTE ESPECIAL | S23: OX | T23: OPEX
N24: PGM | O24: PAISAGISMO | S24: PQ | T24: PLANILHA DE QUANTIDADES
N25: PAV | O25: PAVIMENTAÇÃO | S25: RL | T25: RELATÓRIO
N26: SIN | O26: SINALIZAÇÃO | S26: XX | T26: Disponivel
N27: TER | O27: TERRAPLENAGEM
N28: LVT | O28: LEVANTAMENTOS
N29: DRA | O29: DRAGAGEM/DERROCAGEM
N30: QBR | O30: QUEBRA-MAR
N31: SNA | O31: SINALIZAÇÃO NÁUTICA
N32: ARQ | O32: ARQUITETURA
N33: AUT | O33: AUTOMAÇÃO
N34: CTV | O34: CFTV/TELECOMUNICAÇÕES
N35: ELE | O35: ELÉTRICA
N36: HID | O36: HIDRÁULICA
N37: LOG | O37: LÓGICA
N38: LUM | O38: LUMINOTÉCNICO
... N44: XXX | O44: (DISPONÍVEL)

Sheet Gerador
C2: Descrição | D2: Cód | F2: LEGENDA
B3: Campo | C3: Preencher | D3: Resultado | G3: Preencher
B4: Tipo de documento | C4: RELATÓRIO | D4: =IF($C4="","",IFERROR(INDEX('Estrutura (2027)'!$S$12:$S$100,MATCH($C4,'Estrutura (2027)'!$T$12:$T$100,0)),"?")) | G4: Resultado (Não alterar)
B5: Fase | C5: EXECUTIVO | D5: =IF($C5="","",IFERROR(INDEX('Estrutura (2027)'!$B$12:$B$100,MATCH($C5,'Estrutura (2027)'!$C$12:$C$100,0)),"?"))
B6: Macro área | C6: PORTO | D6: =IF($C6="","",IFERROR(INDEX('Estrutura (2027)'!$F$12:$F$100,MATCH($C6,'Estrutura (2027)'!$G$12:$G$100,0)),"?"))
B7: Código área | C7: GERAL | D7: =IF($C7="","",IFERROR(INDEX('Estrutura (2027)'!$J$12:$J$100,MATCH($C7,'Estrutura (2027)'!$K$12:$K$100,0)),"?"))
B8: Disciplina | C8: CIVIL | D8: =IF($C8="","",IFERROR(INDEX('Estrutura (2027)'!$N$12:$N$100,MATCH($C8,'Estrutura (2027)'!$O$12:$O$100,0)),"?"))
B9: Número faixa do documento | C9: 1 | D9: =IF($C$9="","",IF(LEN($C$9)=1,"0000"&$C$9,IF(LEN($C$9)=2,"000"&$C$9,IF(LEN($C$9)=3,"00"&$C$9,IF(LEN($C$9)=4,"0"&$C$9,$C$9)))))
B10: Número do projeto | C10: 2516 | D10: =IF($C$10="","",IF(LEN($C$10)=1,"000"&$C$10,IF(LEN($C$10)=2,"00"&$C$10,IF(LEN($C$10)=3,"0"&$C$10,$C$10))))
B11: Revisão | C11: 12 | D11: =IF($C$11="","","R"&C11)
B12: Nomenclatura Gerada
B13: =IF(OR($D$4="",$D$5="",$D$6="",$D$7="",$D$8="",$D$9="",$D$10=""),"PREENCHER TODOS OS CAMPOS EM CINZA",CONCATENATE("IFS-",$D$10,"-",$D$5,$D$6,$D$7,"-",$D$8,"-",$D$4,"-",$D$9,"_",$D$11))

Sheet GRD-XXX
A1: LOGO CLIENTE | F1: NOME DO PROJETO
F3: area_e_contratada | J3: projeto
A4: GUIA DE REMESSA DE DOCUMENTOS
A6: PARA (DESTINATÁRIO) | L6: DATA DE ENVIO
A8: nome_destinatario | L8: data_envio
A9: COORDENADOR | L9: NÚMERO DA GRD
L10: IFS-GRD-00XX-XXX
A11: nome_coordenador | K11: numero_vale
A13: TIPO DE EMISSÃO
A14: (A) PRELIMINAR | G14: (D) PARA COTAÇÃO | M14: (G) CONFORME CONSTRUIDO
A15: (B) PARA COMENTÁRIOS | G15: (E) PARA CONSTRUÇÃO | M15: (H) CANCELADO
A16: (C) PARA CONHECIMENTO | G16: (F) CONFORME COMPRADO | M16: (I) APROVADO
A18: OBSERVAÇÕES
A23: item | B23: numero_vale | E23: numero_vale_antigo | H23: title | L23: revisao | M23: sigla_tipo_emissao | N23: nome_formato | O23: numero_paginas | P23: quantidade_copias | Q23: suporte_transmissao
A24: RELAÇÃO DE DOCUMENTOS
A25: ITEM | B25: No. DOC | E25: TÍTULO DO DOCUMENTO | P25: REV | Q25: TE | R25: FORMATO
E26: =IF(B26="","",IFERROR(VLOOKUP(B26,LD!$B:$J,2,FALSE),"")) | R26: =IFERROR(VLOOKUP($B26,LD!$B:$J,8,FALSE),"")
E27: =IF(B27="","",IFERROR(VLOOKUP(B27,LD!$B:$J,2,FALSE),"")) | R27: =IFERROR(VLOOKUP($B27,LD!$B:$J,8,FALSE),"")
E28: =IF(B28="","",IFERROR(VLOOKUP(B28,LD!$B:$J,2,FALSE),"")) | R28: =IFERROR(VLOOKUP($B28,LD!$B:$J,8,FALSE),"")
E29: =IF(B29="","",IFERROR(VLOOKUP(B29,LD!$B:$J,2,FALSE),"")) | R29: =IFERROR(VLOOKUP($B29,LD!$B:$J,8,FALSE),"")
E30: =IF(B30="","",IFERROR(VLOOKUP(B30,LD!$B:$J,2,FALSE),"")) | R30: =IFERROR(VLOOKUP($B30,LD!$B:$J,8,FALSE),"")
E31: =IF(B31="","",IFERROR(VLOOKUP(B31,LD!$B:$J,2,FALSE),"")) | R31: =IFERROR(VLOOKUP($B31,LD!$B:$J,8,FALSE),"")
E32: =IF(B32="","",IFERROR(VLOOKUP(B32,LD!$B:$J,2,FALSE),"")) | R32: =IFERROR(VLOOKUP($B32,LD!$B:$J,8,FALSE),"")
E33: =IF(B33="","",IFERROR(VLOOKUP(B33,LD!$B:$J,2,FALSE),"")) | R33: =IFERROR(VLOOKUP($B33,LD!$B:$J,8,FALSE),"")
E34: =IF(B34="","",IFERROR(VLOOKUP(B34,LD!$B:$J,2,FALSE),"")) | R34: =IFERROR(VLOOKUP($B34,LD!$B:$J,8,FALSE),"")
E35: =IF(B35="","",IFERROR(VLOOKUP(B35,LD!$B:$J,2,FALSE),"")) | R35: =IFERROR(VLOOKUP($B35,LD!$B:$J,8,FALSE),"")
E36: =IF(B36="","",IFERROR(VLOOKUP(B36,LD!$B:$J,2,FALSE),"")) | R36: =IFERROR(VLOOKUP($B36,LD!$B:$J,8,FALSE),"")
E37: =IF(B37="","",IFERROR(VLOOKUP(B37,LD!$B:$J,2,FALSE),"")) | R37: =IFERROR(VLOOKUP($B37,LD!$B:$J,8,FALSE),"")
... E192: =IF(B192="","",IFERROR(VLOOKUP(B192,LD!$B:$J,2,FALSE),"")) | R192: =IFERROR(VLOOKUP($B192,LD!$B:$J,8,FALSE),"")

Sheet GRD-001
A1: LOGO CLIENTE | F1: NOME DO PROJETO
F3: area_e_contratada | J3: projeto
A4: GUIA DE REMESSA DE DOCUMENTOS
A6: PARA (DESTINATÁRIO) | L6: DATA DE ENVIO
A8: nome_destinatario | L8: data_envio
A9: COORDENADOR | L9: NÚMERO DA GRD
L10: IFS-GRD-00XX-XXX
A11: nome_coordenador | K11: numero_vale
A13: TIPO DE EMISSÃO
A14: (A) PRELIMINAR | G14: (D) PARA COTAÇÃO | M14: (G) CONFORME CONSTRUIDO
A15: (B) PARA COMENTÁRIOS | G15: (E) PARA CONSTRUÇÃO | M15: (H) CANCELADO
A16: (C) PARA CONHECIMENTO | G16: (F) CONFORME COMPRADO | M16: (I) APROVADO
A18: OBSERVAÇÕES
A23: item | B23: numero_vale | E23: numero_vale_antigo | H23: title | L23: revisao | M23: sigla_tipo_emissao | N23: nome_formato | O23: numero_paginas | P23: quantidade_copias | Q23: suporte_transmissao
A24: RELAÇÃO DE DOCUMENTOS
A25: ITEM | B25: No. DOC | E25: TÍTULO DO DOCUMENTO | P25: REV | Q25: TE | R25: FORMATO
E26: =IF(B26="","",IFERROR(VLOOKUP(B26,LD!$B:$J,2,FALSE),"")) | R26: =IFERROR(VLOOKUP($B26,LD!$B:$J,8,FALSE),"")
E27: =IF(B27="","",IFERROR(VLOOKUP(B27,LD!$B:$J,2,FALSE),"")) | R27: =IFERROR(VLOOKUP($B27,LD!$B:$J,8,FALSE),"")
E28: =IF(B28="","",IFERROR(VLOOKUP(B28,LD!$B:$J,2,FALSE),"")) | R28: =IFERROR(VLOOKUP($B28,LD!$B:$J,8,FALSE),"")
E29: =IF(B29="","",IFERROR(VLOOKUP(B29,LD!$B:$J,2,FALSE),"")) | R29: =IFERROR(VLOOKUP($B29,LD!$B:$J,8,FALSE),"")
E30: =IF(B30="","",IFERROR(VLOOKUP(B30,LD!$B:$J,2,FALSE),"")) | R30: =IFERROR(VLOOKUP($B30,LD!$B:$J,8,FALSE),"")
E31: =IF(B31="","",IFERROR(VLOOKUP(B31,LD!$B:$J,2,FALSE),"")) | R31: =IFERROR(VLOOKUP($B31,LD!$B:$J,8,FALSE),"")
E32: =IF(B32="","",IFERROR(VLOOKUP(B32,LD!$B:$J,2,FALSE),"")) | R32: =IFERROR(VLOOKUP($B32,LD!$B:$J,8,FALSE),"")
E33: =IF(B33="","",IFERROR(VLOOKUP(B33,LD!$B:$J,2,FALSE),"")) | R33: =IFERROR(VLOOKUP($B33,LD!$B:$J,8,FALSE),"")
E34: =IF(B34="","",IFERROR(VLOOKUP(B34,LD!$B:$J,2,FALSE),"")) | R34: =IFERROR(VLOOKUP($B34,LD!$B:$J,8,FALSE),"")
E35: =IF(B35="","",IFERROR(VLOOKUP(B35,LD!$B:$J,2,FALSE),"")) | R35: =IFERROR(VLOOKUP($B35,LD!$B:$J,8,FALSE),"")
E36: =IF(B36="","",IFERROR(VLOOKUP(B36,LD!$B:$J,2,FALSE),"")) | R36: =IFERROR(VLOOKUP($B36,LD!$B:$J,8,FALSE),"")
E37: =IF(B37="","",IFERROR(VLOOKUP(B37,LD!$B:$J,2,FALSE),"")) | R37: =IFERROR(VLOOKUP($B37,LD!$B:$J,8,FALSE),"")
... E192: =IF(B192="","",IFERROR(VLOOKUP(B192,LD!$B:$J,2,FALSE),"")) | R192: =IFERROR(VLOOKUP($B192,LD!$B:$J,8,FALSE),"")

Sheet GRD-002
A1: LOGO CLIENTE | F1: NOME DO PROJETO
F3: area_e_contratada | J3: projeto
A4: GUIA DE REMESSA DE DOCUMENTOS
A6: PARA (DESTINATÁRIO) | L6: DATA DE ENVIO
L7: 10/06/26
A8: nome_destinatario | L8: data_envio
A9: COORDENADOR | L9: NÚMERO DA GRD
L10: IFS-GRD-9999-002
A11: nome_coordenador | K11: numero_vale
A13: TIPO DE EMISSÃO
A14: (A) PRELIMINAR | G14: (D) PARA COTAÇÃO | M14: (G) CONFORME CONSTRUIDO
A15: (B) PARA COMENTÁRIOS | G15: (E) PARA CONSTRUÇÃO | M15: (H) CANCELADO
A16: (C) PARA CONHECIMENTO | G16: (F) CONFORME COMPRADO | M16: (I) APROVADO
A18: OBSERVAÇÕES
A23: item | B23: numero_vale | E23: numero_vale_antigo | H23: title | L23: revisao | M23: sigla_tipo_emissao | N23: nome_formato | O23: numero_paginas | P23: quantidade_copias | Q23: suporte_transmissao
A24: RELAÇÃO DE DOCUMENTOS
A25: ITEM | B25: No. DOC | E25: TÍTULO DO DOCUMENTO | P25: REV | Q25: TE | R25: FORMATO
A26: 1 | B26: IFS-9999-001-X-DC-00001 | E26: =IF(B26="","",IFERROR(VLOOKUP(B26,LD!$B:$J,2,FALSE),"")) | P26: 1 | R26: =IFERROR(VLOOKUP($B26,LD!$B:$J,8,FALSE),"")
A27: 2 | B27: IFS-9999-001-X-DC-00002 | E27: =IF(B27="","",IFERROR(VLOOKUP(B27,LD!$B:$J,2,FALSE),"")) | P27: 0 | R27: =IFERROR(VLOOKUP($B27,LD!$B:$J,8,FALSE),"")
E28: =IF(B28="","",IFERROR(VLOOKUP(B28,LD!$B:$J,2,FALSE),"")) | R28: =IFERROR(VLOOKUP($B28,LD!$B:$J,8,FALSE),"")
E29: =IF(B29="","",IFERROR(VLOOKUP(B29,LD!$B:$J,2,FALSE),"")) | R29: =IFERROR(VLOOKUP($B29,LD!$B:$J,8,FALSE),"")
E30: =IF(B30="","",IFERROR(VLOOKUP(B30,LD!$B:$J,2,FALSE),"")) | R30: =IFERROR(VLOOKUP($B30,LD!$B:$J,8,FALSE),"")
E31: =IF(B31="","",IFERROR(VLOOKUP(B31,LD!$B:$J,2,FALSE),"")) | R31: =IFERROR(VLOOKUP($B31,LD!$B:$J,8,FALSE),"")
E32: =IF(B32="","",IFERROR(VLOOKUP(B32,LD!$B:$J,2,FALSE),"")) | R32: =IFERROR(VLOOKUP($B32,LD!$B:$J,8,FALSE),"")
E33: =IF(B33="","",IFERROR(VLOOKUP(B33,LD!$B:$J,2,FALSE),"")) | R33: =IFERROR(VLOOKUP($B33,LD!$B:$J,8,FALSE),"")
E34: =IF(B34="","",IFERROR(VLOOKUP(B34,LD!$B:$J,2,FALSE),"")) | R34: =IFERROR(VLOOKUP($B34,LD!$B:$J,8,FALSE),"")
E35: =IF(B35="","",IFERROR(VLOOKUP(B35,LD!$B:$J,2,FALSE),"")) | R35: =IFERROR(VLOOKUP($B35,LD!$B:$J,8,FALSE),"")
E36: =IF(B36="","",IFERROR(VLOOKUP(B36,LD!$B:$J,2,FALSE),"")) | R36: =IFERROR(VLOOKUP($B36,LD!$B:$J,8,FALSE),"")
E37: =IF(B37="","",IFERROR(VLOOKUP(B37,LD!$B:$J,2,FALSE),"")) | R37: =IFERROR(VLOOKUP($B37,LD!$B:$J,8,FALSE),"")
E38: =IF(B38="","",IFERROR(VLOOKUP(B38,LD!$B:$J,2,FALSE),"")) | R38: =IFERROR(VLOOKUP($B38,LD!$B:$J,8,FALSE),"")
E39: =IF(B39="","",IFERROR(VLOOKUP(B39,LD!$B:$J,2,FALSE),"")) | R39: =IFERROR(VLOOKUP($B39,LD!$B:$J,8,FALSE),"")
... E192: =IF(B192="","",IFERROR(VLOOKUP(B192,LD!$B:$J,2,FALSE),"")) | R192: =IFERROR(VLOOKUP($B192,LD!$B:$J,8,FALSE),"")
